<?xml version="1.0" encoding="UTF-8"?>
<gpx xmlns:gpxdata="http://www.cluetrust.com/XML/GPXDATA/1/0" xmlns:xsi="http://www.w3.org/2001/XMLSchema-instance" xmlns="http://www.topografix.com/GPX/1/1" version="1.1" creator="http://ridewithgps.com/" xsi:schemaLocation="http://www.topografix.com/GPX/1/1 http://www.topografix.com/GPX/1/1/gpx.xsd http://www.cluetrust.com/XML/GPXDATA/1/0 http://www.cluetrust.com/Schemas/gpxdata10.xsd">
  <metadata>
    <name>SR-DE-KL</name>
    <link href="https://ridewithgps.com/routes/56013349">
      <text>SR-DE-KL</text>
    </link>
    <time>2026-07-07T21:29:37Z</time>
  </metadata>
  <wpt lat="50.60997872283802" lon="15.706600406040101">
    <name>Penzion Cista</name>
    <cmt>lodging</cmt>
    <sym>Dot</sym>
    <type>shelter</type>
  </wpt>
  <wpt lat="50.719518568133836" lon="15.407538555609923">
    <name>Privat Pohoda</name>
    <cmt>lodging</cmt>
    <sym>Dot</sym>
    <type>shelter</type>
  </wpt>
  <wpt lat="50.83254648178013" lon="14.067847167483274">
    <name>CP1 Zollhäuserバス停</name>
    <cmt>control</cmt>
    <sym>Dot</sym>
    <type>checkpoint</type>
  </wpt>
  <wpt lat="50.62646703259356" lon="15.081044631079589">
    <name>CP2 集落</name>
    <cmt>control</cmt>
    <sym>Dot</sym>
    <type>checkpoint</type>
  </wpt>
  <wpt lat="50.67042744056368" lon="15.730554960318672">
    <name>CP3 赤建物</name>
    <cmt>control</cmt>
    <sym>Dot</sym>
    <type>checkpoint</type>
  </wpt>
  <wpt lat="50.72835630303085" lon="15.7726775605191">
    <name>CP4 谷ベンチ</name>
    <cmt>control</cmt>
    <sym>Dot</sym>
    <type>checkpoint</type>
  </wpt>
  <wpt lat="50.6187285099216" lon="16.111124844252526">
    <name>CP5 肌色城</name>
    <cmt>control</cmt>
    <sym>Dot</sym>
    <type>checkpoint</type>
  </wpt>
  <wpt lat="50.67702129266671" lon="15.709733921663958">
    <name>CP6 ロッジ</name>
    <cmt>control</cmt>
    <sym>Dot</sym>
    <type>checkpoint</type>
  </wpt>
  <wpt lat="50.818334514401464" lon="15.346470341593408">
    <name>CP7 Pyramida石柱</name>
    <cmt>control</cmt>
    <sym>Dot</sym>
    <type>checkpoint</type>
  </wpt>
  <wpt lat="50.7325354072113" lon="14.984270755691428">
    <name>CP8 放送局</name>
    <cmt>control</cmt>
    <sym>Dot</sym>
    <type>checkpoint</type>
  </wpt>
  <wpt lat="50.8903076345484" lon="14.460902260328856">
    <name>CP9 ホテル</name>
    <cmt>control</cmt>
    <sym>Dot</sym>
    <type>checkpoint</type>
  </wpt>
  <wpt lat="50.658169225091" lon="14.993755136548351">
    <name>スーパー</name>
    <cmt>food</cmt>
    <sym>Dot</sym>
    <type>food</type>
  </wpt>
  <wpt lat="50.616477341369716" lon="16.123106415706477">
    <name>屋台</name>
    <cmt>food</cmt>
    <sym>Dot</sym>
    <type>food</type>
  </wpt>
  <wpt lat="50.65663579944347" lon="15.820280840132552">
    <name>スーパー・カフェ</name>
    <cmt>food</cmt>
    <sym>Dot</sym>
    <type>food</type>
  </wpt>
  <wpt lat="50.77615145769174" lon="14.636838257524353">
    <name>PENNY 7-</name>
    <cmt>food</cmt>
    <sym>Dot</sym>
    <type>food</type>
  </wpt>
  <wpt lat="50.97820155619843" lon="14.288134575661452">
    <name>ドイツ</name>
    <cmt>generic</cmt>
    <sym>Dot</sym>
    <type>generic</type>
  </wpt>
  <wpt lat="50.746838644485834" lon="15.823590519595244">
    <name>ポーランド</name>
    <cmt>generic</cmt>
    <sym>Dot</sym>
    <type>generic</type>
  </wpt>
  <wpt lat="50.81254835921505" lon="14.07828704522561">
    <name>チェコ</name>
    <cmt>generic</cmt>
    <sym>Dot</sym>
    <type>generic</type>
  </wpt>
  <wpt lat="50.65305797661525" lon="16.147264524882946">
    <name>チェコ</name>
    <cmt>generic</cmt>
    <sym>Dot</sym>
    <type>generic</type>
  </wpt>
  <trk>
    <name>SR-DE-KL</name>
    <trkseg>
      <trkpt lat="50.97043" lon="13.85916">
        <ele>125.5</ele>
      </trkpt>
      <trkpt lat="50.9697" lon="13.86266">
        <ele>127.2</ele>
      </trkpt>
      <trkpt lat="50.96946" lon="13.86527">
        <ele>126.6</ele>
      </trkpt>
      <trkpt lat="50.9706" lon="13.8657">
        <ele>124.7</ele>
      </trkpt>
      <trkpt lat="50.97152" lon="13.86641">
        <ele>121.7</ele>
      </trkpt>
      <trkpt lat="50.97288" lon="13.87101">
        <ele>119.4</ele>
      </trkpt>
      <trkpt lat="50.97284" lon="13.87179">
        <ele>119.1</ele>
      </trkpt>
      <trkpt lat="50.97353" lon="13.87272">
        <ele>118.1</ele>
      </trkpt>
      <trkpt lat="50.97297" lon="13.87368">
        <ele>118.0</ele>
      </trkpt>
      <trkpt lat="50.97088" lon="13.87898">
        <ele>117.7</ele>
      </trkpt>
      <trkpt lat="50.97049" lon="13.87938">
        <ele>118.2</ele>
      </trkpt>
      <trkpt lat="50.96881" lon="13.88034">
        <ele>118.3</ele>
      </trkpt>
      <trkpt lat="50.9682" lon="13.88195">
        <ele>116.3</ele>
      </trkpt>
      <trkpt lat="50.96671" lon="13.88427">
        <ele>116.9</ele>
      </trkpt>
      <trkpt lat="50.96622" lon="13.88635">
        <ele>113.6</ele>
      </trkpt>
      <trkpt lat="50.96297" lon="13.89198">
        <ele>113.8</ele>
      </trkpt>
      <trkpt lat="50.96202" lon="13.89465">
        <ele>114.2</ele>
      </trkpt>
      <trkpt lat="50.96084" lon="13.89938">
        <ele>113.0</ele>
      </trkpt>
      <trkpt lat="50.96035" lon="13.90521">
        <ele>114.6</ele>
      </trkpt>
      <trkpt lat="50.96068" lon="13.9092">
        <ele>111.3</ele>
      </trkpt>
      <trkpt lat="50.96243" lon="13.91707">
        <ele>111.5</ele>
      </trkpt>
      <trkpt lat="50.96444" lon="13.9302">
        <ele>112.0</ele>
      </trkpt>
      <trkpt lat="50.96429" lon="13.93136">
        <ele>113.1</ele>
      </trkpt>
      <trkpt lat="50.96389" lon="13.93194">
        <ele>115.2</ele>
      </trkpt>
      <trkpt lat="50.96099" lon="13.93335">
        <ele>119.6</ele>
      </trkpt>
      <trkpt lat="50.9612" lon="13.93739">
        <ele>120.9</ele>
      </trkpt>
      <trkpt lat="50.96091" lon="13.93878">
        <ele>120.1</ele>
      </trkpt>
      <trkpt lat="50.96046" lon="13.93913">
        <ele>120.9</ele>
      </trkpt>
      <trkpt lat="50.95792" lon="13.93906">
        <ele>121.4</ele>
      </trkpt>
      <trkpt lat="50.95776" lon="13.9399">
        <ele>122.9</ele>
      </trkpt>
      <trkpt lat="50.95583" lon="13.93997">
        <ele>121.9</ele>
      </trkpt>
      <trkpt lat="50.9547" lon="13.93929">
        <ele>120.5</ele>
      </trkpt>
      <trkpt lat="50.95383" lon="13.93953">
        <ele>121.7</ele>
      </trkpt>
      <trkpt lat="50.9535" lon="13.93954">
        <ele>121.9</ele>
      </trkpt>
      <trkpt lat="50.95336" lon="13.93934">
        <ele>122.0</ele>
      </trkpt>
      <trkpt lat="50.95306" lon="13.93978">
        <ele>122.4</ele>
      </trkpt>
      <trkpt lat="50.95232" lon="13.94019">
        <ele>123.2</ele>
      </trkpt>
      <trkpt lat="50.94527" lon="13.94321">
        <ele>128.1</ele>
      </trkpt>
      <trkpt lat="50.94373" lon="13.9434">
        <ele>127.6</ele>
      </trkpt>
      <trkpt lat="50.93867" lon="13.94483">
        <ele>133.3</ele>
      </trkpt>
      <trkpt lat="50.93216" lon="13.94899">
        <ele>142.7</ele>
      </trkpt>
      <trkpt lat="50.93072" lon="13.95059">
        <ele>141.8</ele>
      </trkpt>
      <trkpt lat="50.92944" lon="13.95241">
        <ele>141.2</ele>
      </trkpt>
      <trkpt lat="50.9247" lon="13.96161">
        <ele>145.6</ele>
      </trkpt>
      <trkpt lat="50.92437" lon="13.9618">
        <ele>145.8</ele>
      </trkpt>
      <trkpt lat="50.92347" lon="13.96163">
        <ele>146.0</ele>
      </trkpt>
      <trkpt lat="50.92262" lon="13.96194">
        <ele>147.0</ele>
      </trkpt>
      <trkpt lat="50.92142" lon="13.96361">
        <ele>147.1</ele>
      </trkpt>
      <trkpt lat="50.91855" lon="13.9661">
        <ele>153.7</ele>
      </trkpt>
      <trkpt lat="50.91644" lon="13.96818">
        <ele>154.9</ele>
      </trkpt>
      <trkpt lat="50.9161" lon="13.96874">
        <ele>156.5</ele>
      </trkpt>
      <trkpt lat="50.91564" lon="13.97049">
        <ele>154.3</ele>
      </trkpt>
      <trkpt lat="50.91569" lon="13.97146">
        <ele>154.3</ele>
      </trkpt>
      <trkpt lat="50.91642" lon="13.97319">
        <ele>159.9</ele>
      </trkpt>
      <trkpt lat="50.91735" lon="13.97459">
        <ele>160.0</ele>
      </trkpt>
      <trkpt lat="50.91775" lon="13.97613">
        <ele>159.2</ele>
      </trkpt>
      <trkpt lat="50.91705" lon="13.97807">
        <ele>157.5</ele>
      </trkpt>
      <trkpt lat="50.91708" lon="13.9799">
        <ele>158.4</ele>
      </trkpt>
      <trkpt lat="50.9165" lon="13.98155">
        <ele>161.1</ele>
      </trkpt>
      <trkpt lat="50.91616" lon="13.98161">
        <ele>161.6</ele>
      </trkpt>
      <trkpt lat="50.91505" lon="13.98107">
        <ele>167.2</ele>
      </trkpt>
      <trkpt lat="50.91389" lon="13.98012">
        <ele>167.5</ele>
      </trkpt>
      <trkpt lat="50.91313" lon="13.97974">
        <ele>173.6</ele>
      </trkpt>
      <trkpt lat="50.91264" lon="13.97915">
        <ele>173.0</ele>
      </trkpt>
      <trkpt lat="50.91221" lon="13.97907">
        <ele>171.5</ele>
      </trkpt>
      <trkpt lat="50.91183" lon="13.9793">
        <ele>170.7</ele>
      </trkpt>
      <trkpt lat="50.91119" lon="13.98002">
        <ele>169.6</ele>
      </trkpt>
      <trkpt lat="50.90938" lon="13.98292">
        <ele>172.4</ele>
      </trkpt>
      <trkpt lat="50.90737" lon="13.98445">
        <ele>180.1</ele>
      </trkpt>
      <trkpt lat="50.90638" lon="13.98622">
        <ele>189.2</ele>
      </trkpt>
      <trkpt lat="50.90399" lon="13.99172">
        <ele>194.9</ele>
      </trkpt>
      <trkpt lat="50.90307" lon="13.99295">
        <ele>203.9</ele>
      </trkpt>
      <trkpt lat="50.90135" lon="13.99319">
        <ele>202.6</ele>
      </trkpt>
      <trkpt lat="50.90055" lon="13.99313">
        <ele>208.5</ele>
      </trkpt>
      <trkpt lat="50.89875" lon="13.99257">
        <ele>220.7</ele>
      </trkpt>
      <trkpt lat="50.89671" lon="13.99242">
        <ele>222.7</ele>
      </trkpt>
      <trkpt lat="50.89536" lon="13.99212">
        <ele>225.5</ele>
      </trkpt>
      <trkpt lat="50.89351" lon="13.99128">
        <ele>235.7</ele>
      </trkpt>
      <trkpt lat="50.89063" lon="13.991">
        <ele>241.3</ele>
      </trkpt>
      <trkpt lat="50.89032" lon="13.99085">
        <ele>241.6</ele>
      </trkpt>
      <trkpt lat="50.88965" lon="13.98993">
        <ele>239.0</ele>
      </trkpt>
      <trkpt lat="50.88867" lon="13.98943">
        <ele>248.0</ele>
      </trkpt>
      <trkpt lat="50.88951" lon="13.99151">
        <ele>260.9</ele>
      </trkpt>
      <trkpt lat="50.88949" lon="13.9946">
        <ele>277.5</ele>
      </trkpt>
      <trkpt lat="50.89057" lon="13.99837">
        <ele>276.7</ele>
      </trkpt>
      <trkpt lat="50.8905" lon="13.99987">
        <ele>278.1</ele>
      </trkpt>
      <trkpt lat="50.88758" lon="14.00488">
        <ele>288.1</ele>
      </trkpt>
      <trkpt lat="50.88665" lon="14.00872">
        <ele>296.9</ele>
      </trkpt>
      <trkpt lat="50.88596" lon="14.00939">
        <ele>297.5</ele>
      </trkpt>
      <trkpt lat="50.88472" lon="14.01222">
        <ele>303.2</ele>
      </trkpt>
      <trkpt lat="50.8839" lon="14.01532">
        <ele>309.6</ele>
      </trkpt>
      <trkpt lat="50.88338" lon="14.01606">
        <ele>309.6</ele>
      </trkpt>
      <trkpt lat="50.8825" lon="14.02061">
        <ele>320.2</ele>
      </trkpt>
      <trkpt lat="50.88121" lon="14.02341">
        <ele>329.5</ele>
      </trkpt>
      <trkpt lat="50.88094" lon="14.02768">
        <ele>352.4</ele>
      </trkpt>
      <trkpt lat="50.88069" lon="14.02871">
        <ele>362.0</ele>
      </trkpt>
      <trkpt lat="50.88156" lon="14.03053">
        <ele>378.2</ele>
      </trkpt>
      <trkpt lat="50.88148" lon="14.03097">
        <ele>381.6</ele>
      </trkpt>
      <trkpt lat="50.87894" lon="14.03459">
        <ele>385.0</ele>
      </trkpt>
      <trkpt lat="50.87815" lon="14.0349">
        <ele>385.7</ele>
      </trkpt>
      <trkpt lat="50.877" lon="14.03634">
        <ele>381.8</ele>
      </trkpt>
      <trkpt lat="50.87605" lon="14.03698">
        <ele>378.9</ele>
      </trkpt>
      <trkpt lat="50.87504" lon="14.03704">
        <ele>375.7</ele>
      </trkpt>
      <trkpt lat="50.87403" lon="14.03833">
        <ele>361.7</ele>
      </trkpt>
      <trkpt lat="50.87341" lon="14.03879">
        <ele>363.4</ele>
      </trkpt>
      <trkpt lat="50.87288" lon="14.04066">
        <ele>361.9</ele>
      </trkpt>
      <trkpt lat="50.8718" lon="14.04257">
        <ele>354.3</ele>
      </trkpt>
      <trkpt lat="50.87293" lon="14.04338">
        <ele>346.1</ele>
      </trkpt>
      <trkpt lat="50.87291" lon="14.04372">
        <ele>343.5</ele>
      </trkpt>
      <trkpt lat="50.87101" lon="14.04442">
        <ele>334.9</ele>
      </trkpt>
      <trkpt lat="50.86841" lon="14.04362">
        <ele>330.5</ele>
      </trkpt>
      <trkpt lat="50.86692" lon="14.0438">
        <ele>328.5</ele>
      </trkpt>
      <trkpt lat="50.86486" lon="14.04286">
        <ele>334.6</ele>
      </trkpt>
      <trkpt lat="50.86425" lon="14.04233">
        <ele>336.3</ele>
      </trkpt>
      <trkpt lat="50.86374" lon="14.04228">
        <ele>336.3</ele>
      </trkpt>
      <trkpt lat="50.86282" lon="14.04138">
        <ele>336.9</ele>
      </trkpt>
      <trkpt lat="50.86163" lon="14.04062">
        <ele>339.9</ele>
      </trkpt>
      <trkpt lat="50.86048" lon="14.04104">
        <ele>341.3</ele>
      </trkpt>
      <trkpt lat="50.85929" lon="14.04095">
        <ele>346.6</ele>
      </trkpt>
      <trkpt lat="50.85912" lon="14.04146">
        <ele>343.3</ele>
      </trkpt>
      <trkpt lat="50.85929" lon="14.04286">
        <ele>342.0</ele>
      </trkpt>
      <trkpt lat="50.8589" lon="14.04389">
        <ele>351.5</ele>
      </trkpt>
      <trkpt lat="50.85847" lon="14.04459">
        <ele>356.7</ele>
      </trkpt>
      <trkpt lat="50.85723" lon="14.04562">
        <ele>365.4</ele>
      </trkpt>
      <trkpt lat="50.85515" lon="14.0478">
        <ele>372.0</ele>
      </trkpt>
      <trkpt lat="50.85416" lon="14.05052">
        <ele>378.1</ele>
      </trkpt>
      <trkpt lat="50.85279" lon="14.0533">
        <ele>385.7</ele>
      </trkpt>
      <trkpt lat="50.84962" lon="14.05667">
        <ele>395.1</ele>
      </trkpt>
      <trkpt lat="50.84797" lon="14.0601">
        <ele>403.8</ele>
      </trkpt>
      <trkpt lat="50.8468" lon="14.06166">
        <ele>405.5</ele>
      </trkpt>
      <trkpt lat="50.84544" lon="14.06323">
        <ele>410.7</ele>
      </trkpt>
      <trkpt lat="50.84428" lon="14.06417">
        <ele>414.9</ele>
      </trkpt>
      <trkpt lat="50.84313" lon="14.06564">
        <ele>419.6</ele>
      </trkpt>
      <trkpt lat="50.84218" lon="14.06624">
        <ele>422.4</ele>
      </trkpt>
      <trkpt lat="50.84079" lon="14.06592">
        <ele>423.4</ele>
      </trkpt>
      <trkpt lat="50.83891" lon="14.0665">
        <ele>428.7</ele>
      </trkpt>
      <trkpt lat="50.83797" lon="14.06581">
        <ele>431.4</ele>
      </trkpt>
      <trkpt lat="50.83597" lon="14.06637">
        <ele>437.0</ele>
      </trkpt>
      <trkpt lat="50.83497" lon="14.06741">
        <ele>443.1</ele>
      </trkpt>
      <trkpt lat="50.83349" lon="14.06802">
        <ele>449.9</ele>
      </trkpt>
      <trkpt lat="50.83177" lon="14.06768">
        <ele>457.4</ele>
      </trkpt>
      <trkpt lat="50.83109" lon="14.06786">
        <ele>461.0</ele>
      </trkpt>
      <trkpt lat="50.83007" lon="14.06838">
        <ele>465.6</ele>
      </trkpt>
      <trkpt lat="50.82746" lon="14.07054">
        <ele>475.1</ele>
      </trkpt>
      <trkpt lat="50.82555" lon="14.07185">
        <ele>484.9</ele>
      </trkpt>
      <trkpt lat="50.8187" lon="14.07827">
        <ele>491.2</ele>
      </trkpt>
      <trkpt lat="50.81551" lon="14.07787">
        <ele>499.1</ele>
      </trkpt>
      <trkpt lat="50.81364" lon="14.07814">
        <ele>503.4</ele>
      </trkpt>
      <trkpt lat="50.81145" lon="14.07897">
        <ele>507.5</ele>
      </trkpt>
      <trkpt lat="50.80958" lon="14.08147">
        <ele>517.6</ele>
      </trkpt>
      <trkpt lat="50.80259" lon="14.09177">
        <ele>531.4</ele>
      </trkpt>
      <trkpt lat="50.80236" lon="14.09253">
        <ele>532.8</ele>
      </trkpt>
      <trkpt lat="50.80226" lon="14.09543">
        <ele>536.8</ele>
      </trkpt>
      <trkpt lat="50.80256" lon="14.09839">
        <ele>534.4</ele>
      </trkpt>
      <trkpt lat="50.80303" lon="14.10031">
        <ele>531.7</ele>
      </trkpt>
      <trkpt lat="50.80383" lon="14.10208">
        <ele>529.8</ele>
      </trkpt>
      <trkpt lat="50.8061" lon="14.10398">
        <ele>528.4</ele>
      </trkpt>
      <trkpt lat="50.80661" lon="14.10547">
        <ele>529.5</ele>
      </trkpt>
      <trkpt lat="50.8068" lon="14.11221">
        <ele>522.8</ele>
      </trkpt>
      <trkpt lat="50.8072" lon="14.1159">
        <ele>515.4</ele>
      </trkpt>
      <trkpt lat="50.80708" lon="14.12087">
        <ele>512.0</ele>
      </trkpt>
      <trkpt lat="50.80724" lon="14.12235">
        <ele>510.4</ele>
      </trkpt>
      <trkpt lat="50.80882" lon="14.12699">
        <ele>506.9</ele>
      </trkpt>
      <trkpt lat="50.81002" lon="14.12801">
        <ele>504.9</ele>
      </trkpt>
      <trkpt lat="50.81093" lon="14.13231">
        <ele>495.9</ele>
      </trkpt>
      <trkpt lat="50.81054" lon="14.13827">
        <ele>488.7</ele>
      </trkpt>
      <trkpt lat="50.81069" lon="14.14341">
        <ele>478.5</ele>
      </trkpt>
      <trkpt lat="50.80908" lon="14.15267">
        <ele>469.3</ele>
      </trkpt>
      <trkpt lat="50.80975" lon="14.16053">
        <ele>453.7</ele>
      </trkpt>
      <trkpt lat="50.80968" lon="14.16289">
        <ele>448.6</ele>
      </trkpt>
      <trkpt lat="50.80938" lon="14.16467">
        <ele>441.7</ele>
      </trkpt>
      <trkpt lat="50.80758" lon="14.16926">
        <ele>440.5</ele>
      </trkpt>
      <trkpt lat="50.80739" lon="14.17011">
        <ele>441.5</ele>
      </trkpt>
      <trkpt lat="50.80707" lon="14.17724">
        <ele>424.7</ele>
      </trkpt>
      <trkpt lat="50.80683" lon="14.17878">
        <ele>420.9</ele>
      </trkpt>
      <trkpt lat="50.80637" lon="14.17984">
        <ele>418.0</ele>
      </trkpt>
      <trkpt lat="50.80499" lon="14.18194">
        <ele>416.0</ele>
      </trkpt>
      <trkpt lat="50.803" lon="14.18401">
        <ele>404.9</ele>
      </trkpt>
      <trkpt lat="50.8019" lon="14.18453">
        <ele>393.9</ele>
      </trkpt>
      <trkpt lat="50.79896" lon="14.18439">
        <ele>377.6</ele>
      </trkpt>
      <trkpt lat="50.79448" lon="14.18306">
        <ele>347.7</ele>
      </trkpt>
      <trkpt lat="50.79377" lon="14.18347">
        <ele>336.3</ele>
      </trkpt>
      <trkpt lat="50.79313" lon="14.18484">
        <ele>326.4</ele>
      </trkpt>
      <trkpt lat="50.79208" lon="14.18835">
        <ele>304.0</ele>
      </trkpt>
      <trkpt lat="50.79035" lon="14.18996">
        <ele>277.8</ele>
      </trkpt>
      <trkpt lat="50.78915" lon="14.19071">
        <ele>268.8</ele>
      </trkpt>
      <trkpt lat="50.78895" lon="14.19104">
        <ele>266.7</ele>
      </trkpt>
      <trkpt lat="50.78716" lon="14.20026">
        <ele>226.7</ele>
      </trkpt>
      <trkpt lat="50.78657" lon="14.20445">
        <ele>182.7</ele>
      </trkpt>
      <trkpt lat="50.78516" lon="14.20905">
        <ele>152.4</ele>
      </trkpt>
      <trkpt lat="50.7849" lon="14.20934">
        <ele>143.2</ele>
      </trkpt>
      <trkpt lat="50.78453" lon="14.2091">
        <ele>141.7</ele>
      </trkpt>
      <trkpt lat="50.78369" lon="14.20823">
        <ele>138.6</ele>
      </trkpt>
      <trkpt lat="50.78236" lon="14.20739">
        <ele>144.8</ele>
      </trkpt>
      <trkpt lat="50.78155" lon="14.20632">
        <ele>138.4</ele>
      </trkpt>
      <trkpt lat="50.77998" lon="14.21205">
        <ele>145.6</ele>
      </trkpt>
      <trkpt lat="50.78101" lon="14.21352">
        <ele>141.0</ele>
      </trkpt>
      <trkpt lat="50.7818" lon="14.21425">
        <ele>140.7</ele>
      </trkpt>
      <trkpt lat="50.78145" lon="14.21559">
        <ele>141.3</ele>
      </trkpt>
      <trkpt lat="50.78117" lon="14.21576">
        <ele>141.4</ele>
      </trkpt>
      <trkpt lat="50.78049" lon="14.21535">
        <ele>142.9</ele>
      </trkpt>
      <trkpt lat="50.77995" lon="14.21575">
        <ele>141.9</ele>
      </trkpt>
      <trkpt lat="50.7792" lon="14.21706">
        <ele>137.2</ele>
      </trkpt>
      <trkpt lat="50.77903" lon="14.21702">
        <ele>136.8</ele>
      </trkpt>
      <trkpt lat="50.77903" lon="14.21736">
        <ele>136.8</ele>
      </trkpt>
      <trkpt lat="50.77417" lon="14.22566">
        <ele>140.0</ele>
      </trkpt>
      <trkpt lat="50.77378" lon="14.22624">
        <ele>139.5</ele>
      </trkpt>
      <trkpt lat="50.77334" lon="14.22639">
        <ele>139.0</ele>
      </trkpt>
      <trkpt lat="50.77306" lon="14.22677">
        <ele>139.0</ele>
      </trkpt>
      <trkpt lat="50.7719" lon="14.23229">
        <ele>141.0</ele>
      </trkpt>
      <trkpt lat="50.77137" lon="14.23351">
        <ele>142.5</ele>
      </trkpt>
      <trkpt lat="50.76906" lon="14.23435">
        <ele>142.2</ele>
      </trkpt>
      <trkpt lat="50.76874" lon="14.23554">
        <ele>145.6</ele>
      </trkpt>
      <trkpt lat="50.76759" lon="14.23743">
        <ele>148.1</ele>
      </trkpt>
      <trkpt lat="50.76694" lon="14.23785">
        <ele>150.1</ele>
      </trkpt>
      <trkpt lat="50.76325" lon="14.24193">
        <ele>154.2</ele>
      </trkpt>
      <trkpt lat="50.7629" lon="14.24207">
        <ele>153.1</ele>
      </trkpt>
      <trkpt lat="50.76224" lon="14.24162">
        <ele>151.0</ele>
      </trkpt>
      <trkpt lat="50.76123" lon="14.24628">
        <ele>158.8</ele>
      </trkpt>
      <trkpt lat="50.76055" lon="14.24794">
        <ele>164.2</ele>
      </trkpt>
      <trkpt lat="50.76077" lon="14.25096">
        <ele>161.4</ele>
      </trkpt>
      <trkpt lat="50.75996" lon="14.25493">
        <ele>165.4</ele>
      </trkpt>
      <trkpt lat="50.75902" lon="14.25635">
        <ele>167.1</ele>
      </trkpt>
      <trkpt lat="50.75871" lon="14.25716">
        <ele>171.1</ele>
      </trkpt>
      <trkpt lat="50.75738" lon="14.25793">
        <ele>168.7</ele>
      </trkpt>
      <trkpt lat="50.7572" lon="14.25833">
        <ele>168.6</ele>
      </trkpt>
      <trkpt lat="50.75745" lon="14.25899">
        <ele>173.7</ele>
      </trkpt>
      <trkpt lat="50.75835" lon="14.25979">
        <ele>184.3</ele>
      </trkpt>
      <trkpt lat="50.75698" lon="14.26074">
        <ele>187.8</ele>
      </trkpt>
      <trkpt lat="50.75621" lon="14.26091">
        <ele>190.0</ele>
      </trkpt>
      <trkpt lat="50.75538" lon="14.26082">
        <ele>193.1</ele>
      </trkpt>
      <trkpt lat="50.75346" lon="14.25998">
        <ele>189.6</ele>
      </trkpt>
      <trkpt lat="50.75208" lon="14.26018">
        <ele>184.3</ele>
      </trkpt>
      <trkpt lat="50.75028" lon="14.26109">
        <ele>180.0</ele>
      </trkpt>
      <trkpt lat="50.74751" lon="14.26384">
        <ele>177.4</ele>
      </trkpt>
      <trkpt lat="50.74683" lon="14.26517">
        <ele>181.7</ele>
      </trkpt>
      <trkpt lat="50.74645" lon="14.26913">
        <ele>204.1</ele>
      </trkpt>
      <trkpt lat="50.74541" lon="14.27275">
        <ele>202.4</ele>
      </trkpt>
      <trkpt lat="50.74429" lon="14.27569">
        <ele>203.3</ele>
      </trkpt>
      <trkpt lat="50.74361" lon="14.27684">
        <ele>207.0</ele>
      </trkpt>
      <trkpt lat="50.74279" lon="14.27942">
        <ele>210.2</ele>
      </trkpt>
      <trkpt lat="50.74236" lon="14.28022">
        <ele>210.5</ele>
      </trkpt>
      <trkpt lat="50.74148" lon="14.28054">
        <ele>207.0</ele>
      </trkpt>
      <trkpt lat="50.74037" lon="14.28148">
        <ele>208.2</ele>
      </trkpt>
      <trkpt lat="50.73985" lon="14.28267">
        <ele>204.4</ele>
      </trkpt>
      <trkpt lat="50.74026" lon="14.2869">
        <ele>198.2</ele>
      </trkpt>
      <trkpt lat="50.74112" lon="14.29153">
        <ele>194.0</ele>
      </trkpt>
      <trkpt lat="50.74125" lon="14.29493">
        <ele>190.5</ele>
      </trkpt>
      <trkpt lat="50.74091" lon="14.3035">
        <ele>192.6</ele>
      </trkpt>
      <trkpt lat="50.7415" lon="14.30635">
        <ele>201.9</ele>
      </trkpt>
      <trkpt lat="50.74136" lon="14.31066">
        <ele>209.2</ele>
      </trkpt>
      <trkpt lat="50.74162" lon="14.31156">
        <ele>214.3</ele>
      </trkpt>
      <trkpt lat="50.74167" lon="14.31327">
        <ele>208.4</ele>
      </trkpt>
      <trkpt lat="50.7424" lon="14.31489">
        <ele>203.4</ele>
      </trkpt>
      <trkpt lat="50.74181" lon="14.31947">
        <ele>200.7</ele>
      </trkpt>
      <trkpt lat="50.74232" lon="14.32031">
        <ele>203.0</ele>
      </trkpt>
      <trkpt lat="50.74255" lon="14.32153">
        <ele>203.2</ele>
      </trkpt>
      <trkpt lat="50.74326" lon="14.32232">
        <ele>206.6</ele>
      </trkpt>
      <trkpt lat="50.74374" lon="14.32318">
        <ele>210.1</ele>
      </trkpt>
      <trkpt lat="50.74416" lon="14.32605">
        <ele>215.4</ele>
      </trkpt>
      <trkpt lat="50.74684" lon="14.33203">
        <ele>220.2</ele>
      </trkpt>
      <trkpt lat="50.74695" lon="14.33315">
        <ele>217.5</ele>
      </trkpt>
      <trkpt lat="50.74717" lon="14.33367">
        <ele>218.1</ele>
      </trkpt>
      <trkpt lat="50.75071" lon="14.3386">
        <ele>223.1</ele>
      </trkpt>
      <trkpt lat="50.75243" lon="14.33914">
        <ele>226.1</ele>
      </trkpt>
      <trkpt lat="50.75403" lon="14.34054">
        <ele>228.8</ele>
      </trkpt>
      <trkpt lat="50.75401" lon="14.34074">
        <ele>229.5</ele>
      </trkpt>
      <trkpt lat="50.75331" lon="14.34178">
        <ele>232.5</ele>
      </trkpt>
      <trkpt lat="50.75297" lon="14.34507">
        <ele>253.6</ele>
      </trkpt>
      <trkpt lat="50.75241" lon="14.34588">
        <ele>260.8</ele>
      </trkpt>
      <trkpt lat="50.7516" lon="14.34781">
        <ele>272.6</ele>
      </trkpt>
      <trkpt lat="50.75014" lon="14.35011">
        <ele>287.8</ele>
      </trkpt>
      <trkpt lat="50.74881" lon="14.35101">
        <ele>306.4</ele>
      </trkpt>
      <trkpt lat="50.74815" lon="14.35115">
        <ele>312.1</ele>
      </trkpt>
      <trkpt lat="50.74766" lon="14.35206">
        <ele>313.6</ele>
      </trkpt>
      <trkpt lat="50.74675" lon="14.35273">
        <ele>318.9</ele>
      </trkpt>
      <trkpt lat="50.74593" lon="14.35376">
        <ele>325.8</ele>
      </trkpt>
      <trkpt lat="50.74531" lon="14.35501">
        <ele>333.2</ele>
      </trkpt>
      <trkpt lat="50.74497" lon="14.3562">
        <ele>339.8</ele>
      </trkpt>
      <trkpt lat="50.74476" lon="14.35804">
        <ele>350.7</ele>
      </trkpt>
      <trkpt lat="50.74418" lon="14.3605">
        <ele>361.5</ele>
      </trkpt>
      <trkpt lat="50.74401" lon="14.36316">
        <ele>377.4</ele>
      </trkpt>
      <trkpt lat="50.74528" lon="14.36863">
        <ele>399.2</ele>
      </trkpt>
      <trkpt lat="50.74508" lon="14.37082">
        <ele>402.3</ele>
      </trkpt>
      <trkpt lat="50.74561" lon="14.37385">
        <ele>408.2</ele>
      </trkpt>
      <trkpt lat="50.74582" lon="14.37638">
        <ele>415.3</ele>
      </trkpt>
      <trkpt lat="50.7456" lon="14.37742">
        <ele>416.3</ele>
      </trkpt>
      <trkpt lat="50.74547" lon="14.37763">
        <ele>416.4</ele>
      </trkpt>
      <trkpt lat="50.74513" lon="14.37769">
        <ele>415.8</ele>
      </trkpt>
      <trkpt lat="50.7439" lon="14.37905">
        <ele>421.1</ele>
      </trkpt>
      <trkpt lat="50.74222" lon="14.3802">
        <ele>428.4</ele>
      </trkpt>
      <trkpt lat="50.74121" lon="14.38009">
        <ele>423.6</ele>
      </trkpt>
      <trkpt lat="50.73973" lon="14.3808">
        <ele>407.4</ele>
      </trkpt>
      <trkpt lat="50.73799" lon="14.38238">
        <ele>388.1</ele>
      </trkpt>
      <trkpt lat="50.73699" lon="14.38256">
        <ele>378.4</ele>
      </trkpt>
      <trkpt lat="50.73615" lon="14.38294">
        <ele>369.8</ele>
      </trkpt>
      <trkpt lat="50.73549" lon="14.38285">
        <ele>364.3</ele>
      </trkpt>
      <trkpt lat="50.73525" lon="14.38309">
        <ele>361.4</ele>
      </trkpt>
      <trkpt lat="50.73392" lon="14.3858">
        <ele>349.1</ele>
      </trkpt>
      <trkpt lat="50.73373" lon="14.38652">
        <ele>344.8</ele>
      </trkpt>
      <trkpt lat="50.73256" lon="14.38833">
        <ele>337.3</ele>
      </trkpt>
      <trkpt lat="50.73164" lon="14.39074">
        <ele>333.4</ele>
      </trkpt>
      <trkpt lat="50.73146" lon="14.39304">
        <ele>328.2</ele>
      </trkpt>
      <trkpt lat="50.73096" lon="14.39546">
        <ele>323.1</ele>
      </trkpt>
      <trkpt lat="50.73036" lon="14.39638">
        <ele>321.4</ele>
      </trkpt>
      <trkpt lat="50.73003" lon="14.39761">
        <ele>319.8</ele>
      </trkpt>
      <trkpt lat="50.72929" lon="14.39912">
        <ele>316.6</ele>
      </trkpt>
      <trkpt lat="50.72808" lon="14.40069">
        <ele>314.5</ele>
      </trkpt>
      <trkpt lat="50.72821" lon="14.40176">
        <ele>315.6</ele>
      </trkpt>
      <trkpt lat="50.72779" lon="14.40287">
        <ele>317.4</ele>
      </trkpt>
      <trkpt lat="50.72792" lon="14.40375">
        <ele>320.8</ele>
      </trkpt>
      <trkpt lat="50.72825" lon="14.40431">
        <ele>323.1</ele>
      </trkpt>
      <trkpt lat="50.73007" lon="14.40599">
        <ele>334.7</ele>
      </trkpt>
      <trkpt lat="50.72958" lon="14.40891">
        <ele>327.6</ele>
      </trkpt>
      <trkpt lat="50.7304" lon="14.40971">
        <ele>334.0</ele>
      </trkpt>
      <trkpt lat="50.73103" lon="14.41239">
        <ele>342.3</ele>
      </trkpt>
      <trkpt lat="50.73136" lon="14.41621">
        <ele>347.0</ele>
      </trkpt>
      <trkpt lat="50.73255" lon="14.42257">
        <ele>361.1</ele>
      </trkpt>
      <trkpt lat="50.732" lon="14.4267">
        <ele>355.5</ele>
      </trkpt>
      <trkpt lat="50.73118" lon="14.42881">
        <ele>354.6</ele>
      </trkpt>
      <trkpt lat="50.72981" lon="14.43434">
        <ele>348.0</ele>
      </trkpt>
      <trkpt lat="50.72936" lon="14.43805">
        <ele>352.3</ele>
      </trkpt>
      <trkpt lat="50.72873" lon="14.44067">
        <ele>352.4</ele>
      </trkpt>
      <trkpt lat="50.72883" lon="14.44286">
        <ele>352.8</ele>
      </trkpt>
      <trkpt lat="50.72929" lon="14.4443">
        <ele>352.7</ele>
      </trkpt>
      <trkpt lat="50.73025" lon="14.44448">
        <ele>350.7</ele>
      </trkpt>
      <trkpt lat="50.7322" lon="14.44396">
        <ele>351.7</ele>
      </trkpt>
      <trkpt lat="50.73247" lon="14.4441">
        <ele>351.2</ele>
      </trkpt>
      <trkpt lat="50.73262" lon="14.4443">
        <ele>350.9</ele>
      </trkpt>
      <trkpt lat="50.73278" lon="14.44624">
        <ele>342.9</ele>
      </trkpt>
      <trkpt lat="50.73263" lon="14.44759">
        <ele>340.4</ele>
      </trkpt>
      <trkpt lat="50.73347" lon="14.44769">
        <ele>337.3</ele>
      </trkpt>
      <trkpt lat="50.73385" lon="14.44849">
        <ele>332.7</ele>
      </trkpt>
      <trkpt lat="50.73473" lon="14.44927">
        <ele>330.5</ele>
      </trkpt>
      <trkpt lat="50.73426" lon="14.44976">
        <ele>328.2</ele>
      </trkpt>
      <trkpt lat="50.73372" lon="14.44992">
        <ele>327.3</ele>
      </trkpt>
      <trkpt lat="50.73311" lon="14.45071">
        <ele>329.4</ele>
      </trkpt>
      <trkpt lat="50.73236" lon="14.4513">
        <ele>328.3</ele>
      </trkpt>
      <trkpt lat="50.73132" lon="14.45141">
        <ele>324.0</ele>
      </trkpt>
      <trkpt lat="50.72962" lon="14.45196">
        <ele>320.8</ele>
      </trkpt>
      <trkpt lat="50.72932" lon="14.4548">
        <ele>313.4</ele>
      </trkpt>
      <trkpt lat="50.72896" lon="14.45618">
        <ele>311.4</ele>
      </trkpt>
      <trkpt lat="50.72783" lon="14.45897">
        <ele>305.3</ele>
      </trkpt>
      <trkpt lat="50.7265" lon="14.46165">
        <ele>300.6</ele>
      </trkpt>
      <trkpt lat="50.72663" lon="14.46327">
        <ele>297.3</ele>
      </trkpt>
      <trkpt lat="50.7262" lon="14.46536">
        <ele>297.9</ele>
      </trkpt>
      <trkpt lat="50.72592" lon="14.46906">
        <ele>291.9</ele>
      </trkpt>
      <trkpt lat="50.72571" lon="14.46986">
        <ele>290.4</ele>
      </trkpt>
      <trkpt lat="50.7252" lon="14.47049">
        <ele>293.4</ele>
      </trkpt>
      <trkpt lat="50.72454" lon="14.47206">
        <ele>294.4</ele>
      </trkpt>
      <trkpt lat="50.72389" lon="14.47294">
        <ele>296.1</ele>
      </trkpt>
      <trkpt lat="50.72226" lon="14.47637">
        <ele>284.8</ele>
      </trkpt>
      <trkpt lat="50.71969" lon="14.48095">
        <ele>269.8</ele>
      </trkpt>
      <trkpt lat="50.71923" lon="14.48245">
        <ele>268.9</ele>
      </trkpt>
      <trkpt lat="50.71735" lon="14.48413">
        <ele>266.0</ele>
      </trkpt>
      <trkpt lat="50.71586" lon="14.48591">
        <ele>263.0</ele>
      </trkpt>
      <trkpt lat="50.71507" lon="14.48777">
        <ele>262.2</ele>
      </trkpt>
      <trkpt lat="50.71481" lon="14.49001">
        <ele>260.7</ele>
      </trkpt>
      <trkpt lat="50.7143" lon="14.49144">
        <ele>262.0</ele>
      </trkpt>
      <trkpt lat="50.71268" lon="14.49265">
        <ele>261.3</ele>
      </trkpt>
      <trkpt lat="50.71189" lon="14.49443">
        <ele>261.9</ele>
      </trkpt>
      <trkpt lat="50.7107" lon="14.49557">
        <ele>258.8</ele>
      </trkpt>
      <trkpt lat="50.70805" lon="14.49949">
        <ele>256.3</ele>
      </trkpt>
      <trkpt lat="50.70715" lon="14.50009">
        <ele>257.3</ele>
      </trkpt>
      <trkpt lat="50.70666" lon="14.5007">
        <ele>256.9</ele>
      </trkpt>
      <trkpt lat="50.70599" lon="14.50262">
        <ele>255.4</ele>
      </trkpt>
      <trkpt lat="50.70689" lon="14.50326">
        <ele>256.8</ele>
      </trkpt>
      <trkpt lat="50.7081" lon="14.50545">
        <ele>257.5</ele>
      </trkpt>
      <trkpt lat="50.7097" lon="14.50629">
        <ele>257.9</ele>
      </trkpt>
      <trkpt lat="50.71034" lon="14.50707">
        <ele>260.8</ele>
      </trkpt>
      <trkpt lat="50.71137" lon="14.50773">
        <ele>265.8</ele>
      </trkpt>
      <trkpt lat="50.7128" lon="14.50904">
        <ele>266.0</ele>
      </trkpt>
      <trkpt lat="50.71311" lon="14.50883">
        <ele>266.0</ele>
      </trkpt>
      <trkpt lat="50.71328" lon="14.50824">
        <ele>266.1</ele>
      </trkpt>
      <trkpt lat="50.71405" lon="14.50736">
        <ele>268.7</ele>
      </trkpt>
      <trkpt lat="50.71504" lon="14.50723">
        <ele>269.2</ele>
      </trkpt>
      <trkpt lat="50.71788" lon="14.51073">
        <ele>272.3</ele>
      </trkpt>
      <trkpt lat="50.71832" lon="14.51151">
        <ele>270.4</ele>
      </trkpt>
      <trkpt lat="50.71872" lon="14.51438">
        <ele>268.9</ele>
      </trkpt>
      <trkpt lat="50.71822" lon="14.51591">
        <ele>270.9</ele>
      </trkpt>
      <trkpt lat="50.71675" lon="14.51914">
        <ele>269.2</ele>
      </trkpt>
      <trkpt lat="50.71655" lon="14.5216">
        <ele>268.0</ele>
      </trkpt>
      <trkpt lat="50.71574" lon="14.52491">
        <ele>268.4</ele>
      </trkpt>
      <trkpt lat="50.71579" lon="14.5266">
        <ele>274.9</ele>
      </trkpt>
      <trkpt lat="50.71621" lon="14.52809">
        <ele>276.4</ele>
      </trkpt>
      <trkpt lat="50.71617" lon="14.52904">
        <ele>277.3</ele>
      </trkpt>
      <trkpt lat="50.71828" lon="14.5322">
        <ele>284.4</ele>
      </trkpt>
      <trkpt lat="50.71747" lon="14.5355">
        <ele>293.2</ele>
      </trkpt>
      <trkpt lat="50.71671" lon="14.53986">
        <ele>302.8</ele>
      </trkpt>
      <trkpt lat="50.71693" lon="14.54413">
        <ele>305.7</ele>
      </trkpt>
      <trkpt lat="50.71652" lon="14.54575">
        <ele>305.5</ele>
      </trkpt>
      <trkpt lat="50.7168" lon="14.54717">
        <ele>301.2</ele>
      </trkpt>
      <trkpt lat="50.71603" lon="14.55073">
        <ele>292.3</ele>
      </trkpt>
      <trkpt lat="50.7166" lon="14.55314">
        <ele>283.8</ele>
      </trkpt>
      <trkpt lat="50.71627" lon="14.55526">
        <ele>279.3</ele>
      </trkpt>
      <trkpt lat="50.71788" lon="14.55724">
        <ele>277.5</ele>
      </trkpt>
      <trkpt lat="50.71939" lon="14.55766">
        <ele>278.3</ele>
      </trkpt>
      <trkpt lat="50.72037" lon="14.55848">
        <ele>279.8</ele>
      </trkpt>
      <trkpt lat="50.72122" lon="14.56013">
        <ele>284.2</ele>
      </trkpt>
      <trkpt lat="50.72176" lon="14.56245">
        <ele>287.6</ele>
      </trkpt>
      <trkpt lat="50.72214" lon="14.56332">
        <ele>288.2</ele>
      </trkpt>
      <trkpt lat="50.7232" lon="14.56499">
        <ele>285.3</ele>
      </trkpt>
      <trkpt lat="50.72402" lon="14.5655">
        <ele>281.3</ele>
      </trkpt>
      <trkpt lat="50.72452" lon="14.56554">
        <ele>280.1</ele>
      </trkpt>
      <trkpt lat="50.72407" lon="14.56612">
        <ele>279.7</ele>
      </trkpt>
      <trkpt lat="50.72356" lon="14.56766">
        <ele>276.8</ele>
      </trkpt>
      <trkpt lat="50.72225" lon="14.56994">
        <ele>273.4</ele>
      </trkpt>
      <trkpt lat="50.72173" lon="14.57039">
        <ele>272.6</ele>
      </trkpt>
      <trkpt lat="50.71963" lon="14.57125">
        <ele>271.8</ele>
      </trkpt>
      <trkpt lat="50.71869" lon="14.57223">
        <ele>271.1</ele>
      </trkpt>
      <trkpt lat="50.71811" lon="14.57257">
        <ele>272.4</ele>
      </trkpt>
      <trkpt lat="50.71671" lon="14.57544">
        <ele>269.2</ele>
      </trkpt>
      <trkpt lat="50.7159" lon="14.57595">
        <ele>270.4</ele>
      </trkpt>
      <trkpt lat="50.71487" lon="14.57806">
        <ele>267.8</ele>
      </trkpt>
      <trkpt lat="50.71513" lon="14.57855">
        <ele>267.2</ele>
      </trkpt>
      <trkpt lat="50.71507" lon="14.57914">
        <ele>267.2</ele>
      </trkpt>
      <trkpt lat="50.71448" lon="14.58043">
        <ele>267.3</ele>
      </trkpt>
      <trkpt lat="50.71392" lon="14.58085">
        <ele>267.0</ele>
      </trkpt>
      <trkpt lat="50.71346" lon="14.58282">
        <ele>270.8</ele>
      </trkpt>
      <trkpt lat="50.71268" lon="14.58269">
        <ele>269.5</ele>
      </trkpt>
      <trkpt lat="50.71186" lon="14.58349">
        <ele>270.8</ele>
      </trkpt>
      <trkpt lat="50.7124" lon="14.58513">
        <ele>272.0</ele>
      </trkpt>
      <trkpt lat="50.71214" lon="14.58684">
        <ele>274.3</ele>
      </trkpt>
      <trkpt lat="50.71252" lon="14.58919">
        <ele>279.2</ele>
      </trkpt>
      <trkpt lat="50.71275" lon="14.5896">
        <ele>281.5</ele>
      </trkpt>
      <trkpt lat="50.71487" lon="14.592">
        <ele>300.7</ele>
      </trkpt>
      <trkpt lat="50.71714" lon="14.59334">
        <ele>315.7</ele>
      </trkpt>
      <trkpt lat="50.71875" lon="14.59527">
        <ele>340.0</ele>
      </trkpt>
      <trkpt lat="50.71891" lon="14.59705">
        <ele>349.7</ele>
      </trkpt>
      <trkpt lat="50.71934" lon="14.59881">
        <ele>363.4</ele>
      </trkpt>
      <trkpt lat="50.71741" lon="14.60265">
        <ele>357.0</ele>
      </trkpt>
      <trkpt lat="50.71715" lon="14.60431">
        <ele>360.5</ele>
      </trkpt>
      <trkpt lat="50.71712" lon="14.60595">
        <ele>363.6</ele>
      </trkpt>
      <trkpt lat="50.71788" lon="14.611">
        <ele>386.2</ele>
      </trkpt>
      <trkpt lat="50.71898" lon="14.61283">
        <ele>389.8</ele>
      </trkpt>
      <trkpt lat="50.71906" lon="14.61541">
        <ele>377.6</ele>
      </trkpt>
      <trkpt lat="50.71936" lon="14.61632">
        <ele>375.0</ele>
      </trkpt>
      <trkpt lat="50.71917" lon="14.617">
        <ele>370.6</ele>
      </trkpt>
      <trkpt lat="50.71928" lon="14.61733">
        <ele>368.5</ele>
      </trkpt>
      <trkpt lat="50.72017" lon="14.61851">
        <ele>363.9</ele>
      </trkpt>
      <trkpt lat="50.72078" lon="14.61813">
        <ele>368.0</ele>
      </trkpt>
      <trkpt lat="50.72105" lon="14.61817">
        <ele>367.3</ele>
      </trkpt>
      <trkpt lat="50.72359" lon="14.61945">
        <ele>355.9</ele>
      </trkpt>
      <trkpt lat="50.72514" lon="14.61999">
        <ele>356.7</ele>
      </trkpt>
      <trkpt lat="50.72748" lon="14.61967">
        <ele>352.1</ele>
      </trkpt>
      <trkpt lat="50.72886" lon="14.62063">
        <ele>343.3</ele>
      </trkpt>
      <trkpt lat="50.73052" lon="14.62463">
        <ele>323.1</ele>
      </trkpt>
      <trkpt lat="50.73081" lon="14.62655">
        <ele>315.6</ele>
      </trkpt>
      <trkpt lat="50.73083" lon="14.62879">
        <ele>307.9</ele>
      </trkpt>
      <trkpt lat="50.73117" lon="14.63039">
        <ele>304.4</ele>
      </trkpt>
      <trkpt lat="50.73113" lon="14.63274">
        <ele>299.0</ele>
      </trkpt>
      <trkpt lat="50.73164" lon="14.63422">
        <ele>295.1</ele>
      </trkpt>
      <trkpt lat="50.73158" lon="14.63502">
        <ele>294.9</ele>
      </trkpt>
      <trkpt lat="50.73052" lon="14.63391">
        <ele>302.1</ele>
      </trkpt>
      <trkpt lat="50.72925" lon="14.63338">
        <ele>307.8</ele>
      </trkpt>
      <trkpt lat="50.72722" lon="14.63895">
        <ele>311.2</ele>
      </trkpt>
      <trkpt lat="50.72707" lon="14.64084">
        <ele>301.9</ele>
      </trkpt>
      <trkpt lat="50.72748" lon="14.64178">
        <ele>298.4</ele>
      </trkpt>
      <trkpt lat="50.72676" lon="14.64368">
        <ele>292.8</ele>
      </trkpt>
      <trkpt lat="50.72645" lon="14.64773">
        <ele>301.3</ele>
      </trkpt>
      <trkpt lat="50.72565" lon="14.65118">
        <ele>295.8</ele>
      </trkpt>
      <trkpt lat="50.72651" lon="14.65278">
        <ele>302.6</ele>
      </trkpt>
      <trkpt lat="50.72696" lon="14.65417">
        <ele>305.6</ele>
      </trkpt>
      <trkpt lat="50.72701" lon="14.65591">
        <ele>308.0</ele>
      </trkpt>
      <trkpt lat="50.72641" lon="14.6582">
        <ele>299.0</ele>
      </trkpt>
      <trkpt lat="50.72514" lon="14.65964">
        <ele>296.6</ele>
      </trkpt>
      <trkpt lat="50.72441" lon="14.65943">
        <ele>296.0</ele>
      </trkpt>
      <trkpt lat="50.72204" lon="14.65933">
        <ele>288.3</ele>
      </trkpt>
      <trkpt lat="50.72004" lon="14.66179">
        <ele>280.3</ele>
      </trkpt>
      <trkpt lat="50.71953" lon="14.66194">
        <ele>280.1</ele>
      </trkpt>
      <trkpt lat="50.7194" lon="14.66331">
        <ele>281.5</ele>
      </trkpt>
      <trkpt lat="50.71948" lon="14.66623">
        <ele>291.6</ele>
      </trkpt>
      <trkpt lat="50.71898" lon="14.66812">
        <ele>305.9</ele>
      </trkpt>
      <trkpt lat="50.71789" lon="14.67012">
        <ele>321.5</ele>
      </trkpt>
      <trkpt lat="50.71809" lon="14.67046">
        <ele>323.0</ele>
      </trkpt>
      <trkpt lat="50.71872" lon="14.66986">
        <ele>319.3</ele>
      </trkpt>
      <trkpt lat="50.7189" lon="14.66992">
        <ele>319.7</ele>
      </trkpt>
      <trkpt lat="50.71834" lon="14.67211">
        <ele>330.5</ele>
      </trkpt>
      <trkpt lat="50.71827" lon="14.67321">
        <ele>331.7</ele>
      </trkpt>
      <trkpt lat="50.71864" lon="14.67606">
        <ele>339.2</ele>
      </trkpt>
      <trkpt lat="50.71944" lon="14.6778">
        <ele>349.4</ele>
      </trkpt>
      <trkpt lat="50.72023" lon="14.68146">
        <ele>361.0</ele>
      </trkpt>
      <trkpt lat="50.72041" lon="14.68479">
        <ele>364.2</ele>
      </trkpt>
      <trkpt lat="50.71963" lon="14.68878">
        <ele>350.1</ele>
      </trkpt>
      <trkpt lat="50.72001" lon="14.69162">
        <ele>345.9</ele>
      </trkpt>
      <trkpt lat="50.72135" lon="14.69746">
        <ele>322.5</ele>
      </trkpt>
      <trkpt lat="50.72129" lon="14.70381">
        <ele>303.8</ele>
      </trkpt>
      <trkpt lat="50.72175" lon="14.70678">
        <ele>297.9</ele>
      </trkpt>
      <trkpt lat="50.71991" lon="14.70553">
        <ele>297.2</ele>
      </trkpt>
      <trkpt lat="50.71925" lon="14.70523">
        <ele>296.2</ele>
      </trkpt>
      <trkpt lat="50.71859" lon="14.70516">
        <ele>295.7</ele>
      </trkpt>
      <trkpt lat="50.71736" lon="14.70609">
        <ele>296.3</ele>
      </trkpt>
      <trkpt lat="50.71663" lon="14.70634">
        <ele>296.2</ele>
      </trkpt>
      <trkpt lat="50.71612" lon="14.70679">
        <ele>294.0</ele>
      </trkpt>
      <trkpt lat="50.71529" lon="14.70715">
        <ele>296.6</ele>
      </trkpt>
      <trkpt lat="50.71419" lon="14.70833">
        <ele>289.9</ele>
      </trkpt>
      <trkpt lat="50.71317" lon="14.70817">
        <ele>292.2</ele>
      </trkpt>
      <trkpt lat="50.71126" lon="14.7093">
        <ele>289.2</ele>
      </trkpt>
      <trkpt lat="50.70933" lon="14.70931">
        <ele>290.7</ele>
      </trkpt>
      <trkpt lat="50.7064" lon="14.71086">
        <ele>289.3</ele>
      </trkpt>
      <trkpt lat="50.70356" lon="14.71024">
        <ele>288.9</ele>
      </trkpt>
      <trkpt lat="50.70083" lon="14.71">
        <ele>286.0</ele>
      </trkpt>
      <trkpt lat="50.70077" lon="14.71217">
        <ele>288.6</ele>
      </trkpt>
      <trkpt lat="50.70155" lon="14.71461">
        <ele>295.8</ele>
      </trkpt>
      <trkpt lat="50.70219" lon="14.71986">
        <ele>296.6</ele>
      </trkpt>
      <trkpt lat="50.70231" lon="14.7224">
        <ele>296.8</ele>
      </trkpt>
      <trkpt lat="50.70063" lon="14.72624">
        <ele>289.2</ele>
      </trkpt>
      <trkpt lat="50.6998" lon="14.73041">
        <ele>288.8</ele>
      </trkpt>
      <trkpt lat="50.69923" lon="14.73202">
        <ele>288.1</ele>
      </trkpt>
      <trkpt lat="50.6984" lon="14.73306">
        <ele>288.7</ele>
      </trkpt>
      <trkpt lat="50.69486" lon="14.73665">
        <ele>289.6</ele>
      </trkpt>
      <trkpt lat="50.69126" lon="14.7416">
        <ele>288.4</ele>
      </trkpt>
      <trkpt lat="50.69115" lon="14.74216">
        <ele>288.8</ele>
      </trkpt>
      <trkpt lat="50.69159" lon="14.74438">
        <ele>290.0</ele>
      </trkpt>
      <trkpt lat="50.69216" lon="14.7456">
        <ele>292.6</ele>
      </trkpt>
      <trkpt lat="50.69179" lon="14.74774">
        <ele>291.5</ele>
      </trkpt>
      <trkpt lat="50.69192" lon="14.75051">
        <ele>288.6</ele>
      </trkpt>
      <trkpt lat="50.69168" lon="14.75162">
        <ele>290.0</ele>
      </trkpt>
      <trkpt lat="50.68992" lon="14.74916">
        <ele>288.2</ele>
      </trkpt>
      <trkpt lat="50.68861" lon="14.74693">
        <ele>288.3</ele>
      </trkpt>
      <trkpt lat="50.68803" lon="14.74637">
        <ele>287.4</ele>
      </trkpt>
      <trkpt lat="50.68689" lon="14.7461">
        <ele>287.2</ele>
      </trkpt>
      <trkpt lat="50.68379" lon="14.74644">
        <ele>292.7</ele>
      </trkpt>
      <trkpt lat="50.68104" lon="14.74539">
        <ele>298.9</ele>
      </trkpt>
      <trkpt lat="50.68057" lon="14.74443">
        <ele>299.1</ele>
      </trkpt>
      <trkpt lat="50.68005" lon="14.74087">
        <ele>296.1</ele>
      </trkpt>
      <trkpt lat="50.67875" lon="14.7382">
        <ele>290.4</ele>
      </trkpt>
      <trkpt lat="50.67792" lon="14.73777">
        <ele>288.8</ele>
      </trkpt>
      <trkpt lat="50.67743" lon="14.73791">
        <ele>289.1</ele>
      </trkpt>
      <trkpt lat="50.67727" lon="14.73813">
        <ele>290.6</ele>
      </trkpt>
      <trkpt lat="50.67608" lon="14.74106">
        <ele>303.8</ele>
      </trkpt>
      <trkpt lat="50.67557" lon="14.74131">
        <ele>304.2</ele>
      </trkpt>
      <trkpt lat="50.67209" lon="14.74177">
        <ele>315.3</ele>
      </trkpt>
      <trkpt lat="50.67154" lon="14.74198">
        <ele>318.3</ele>
      </trkpt>
      <trkpt lat="50.67059" lon="14.74261">
        <ele>313.2</ele>
      </trkpt>
      <trkpt lat="50.66949" lon="14.74368">
        <ele>310.9</ele>
      </trkpt>
      <trkpt lat="50.66813" lon="14.7462">
        <ele>324.3</ele>
      </trkpt>
      <trkpt lat="50.66715" lon="14.7518">
        <ele>326.5</ele>
      </trkpt>
      <trkpt lat="50.6664" lon="14.75287">
        <ele>321.7</ele>
      </trkpt>
      <trkpt lat="50.66162" lon="14.74982">
        <ele>302.7</ele>
      </trkpt>
      <trkpt lat="50.6605" lon="14.74859">
        <ele>298.0</ele>
      </trkpt>
      <trkpt lat="50.65938" lon="14.74632">
        <ele>296.7</ele>
      </trkpt>
      <trkpt lat="50.65893" lon="14.74584">
        <ele>295.2</ele>
      </trkpt>
      <trkpt lat="50.65336" lon="14.74232">
        <ele>285.8</ele>
      </trkpt>
      <trkpt lat="50.65261" lon="14.75021">
        <ele>288.1</ele>
      </trkpt>
      <trkpt lat="50.65252" lon="14.75565">
        <ele>289.8</ele>
      </trkpt>
      <trkpt lat="50.65174" lon="14.76426">
        <ele>296.4</ele>
      </trkpt>
      <trkpt lat="50.65136" lon="14.77134">
        <ele>300.6</ele>
      </trkpt>
      <trkpt lat="50.65164" lon="14.78537">
        <ele>307.9</ele>
      </trkpt>
      <trkpt lat="50.65191" lon="14.79058">
        <ele>305.1</ele>
      </trkpt>
      <trkpt lat="50.65177" lon="14.79234">
        <ele>302.6</ele>
      </trkpt>
      <trkpt lat="50.65204" lon="14.79673">
        <ele>296.5</ele>
      </trkpt>
      <trkpt lat="50.65221" lon="14.79835">
        <ele>298.6</ele>
      </trkpt>
      <trkpt lat="50.65331" lon="14.80107">
        <ele>301.3</ele>
      </trkpt>
      <trkpt lat="50.65355" lon="14.80369">
        <ele>296.9</ele>
      </trkpt>
      <trkpt lat="50.65334" lon="14.80543">
        <ele>297.0</ele>
      </trkpt>
      <trkpt lat="50.65393" lon="14.80912">
        <ele>302.4</ele>
      </trkpt>
      <trkpt lat="50.65439" lon="14.81034">
        <ele>307.6</ele>
      </trkpt>
      <trkpt lat="50.65671" lon="14.81491">
        <ele>310.2</ele>
      </trkpt>
      <trkpt lat="50.65718" lon="14.81846">
        <ele>306.5</ele>
      </trkpt>
      <trkpt lat="50.65711" lon="14.82151">
        <ele>306.7</ele>
      </trkpt>
      <trkpt lat="50.65954" lon="14.83028">
        <ele>315.1</ele>
      </trkpt>
      <trkpt lat="50.66144" lon="14.83125">
        <ele>319.6</ele>
      </trkpt>
      <trkpt lat="50.66193" lon="14.83209">
        <ele>322.8</ele>
      </trkpt>
      <trkpt lat="50.66262" lon="14.83254">
        <ele>323.9</ele>
      </trkpt>
      <trkpt lat="50.66319" lon="14.83349">
        <ele>321.0</ele>
      </trkpt>
      <trkpt lat="50.66348" lon="14.8357">
        <ele>322.6</ele>
      </trkpt>
      <trkpt lat="50.6645" lon="14.83676">
        <ele>327.5</ele>
      </trkpt>
      <trkpt lat="50.66528" lon="14.83718">
        <ele>330.8</ele>
      </trkpt>
      <trkpt lat="50.66678" lon="14.83857">
        <ele>332.2</ele>
      </trkpt>
      <trkpt lat="50.66764" lon="14.83993">
        <ele>336.8</ele>
      </trkpt>
      <trkpt lat="50.66961" lon="14.84007">
        <ele>338.9</ele>
      </trkpt>
      <trkpt lat="50.67019" lon="14.84038">
        <ele>343.2</ele>
      </trkpt>
      <trkpt lat="50.67187" lon="14.84185">
        <ele>359.0</ele>
      </trkpt>
      <trkpt lat="50.67293" lon="14.84307">
        <ele>362.1</ele>
      </trkpt>
      <trkpt lat="50.67432" lon="14.84542">
        <ele>359.2</ele>
      </trkpt>
      <trkpt lat="50.67455" lon="14.84621">
        <ele>364.9</ele>
      </trkpt>
      <trkpt lat="50.67424" lon="14.84784">
        <ele>368.5</ele>
      </trkpt>
      <trkpt lat="50.67356" lon="14.84955">
        <ele>378.5</ele>
      </trkpt>
      <trkpt lat="50.67317" lon="14.85147">
        <ele>380.7</ele>
      </trkpt>
      <trkpt lat="50.67294" lon="14.85514">
        <ele>387.6</ele>
      </trkpt>
      <trkpt lat="50.67229" lon="14.85621">
        <ele>398.4</ele>
      </trkpt>
      <trkpt lat="50.67237" lon="14.8587">
        <ele>411.8</ele>
      </trkpt>
      <trkpt lat="50.67129" lon="14.86033">
        <ele>411.6</ele>
      </trkpt>
      <trkpt lat="50.66956" lon="14.86383">
        <ele>412.6</ele>
      </trkpt>
      <trkpt lat="50.67004" lon="14.86697">
        <ele>402.8</ele>
      </trkpt>
      <trkpt lat="50.671" lon="14.86844">
        <ele>398.1</ele>
      </trkpt>
      <trkpt lat="50.67124" lon="14.86844">
        <ele>397.6</ele>
      </trkpt>
      <trkpt lat="50.67152" lon="14.86793">
        <ele>400.6</ele>
      </trkpt>
      <trkpt lat="50.67175" lon="14.86812">
        <ele>399.4</ele>
      </trkpt>
      <trkpt lat="50.67126" lon="14.8706">
        <ele>390.8</ele>
      </trkpt>
      <trkpt lat="50.67126" lon="14.87303">
        <ele>381.9</ele>
      </trkpt>
      <trkpt lat="50.67106" lon="14.87444">
        <ele>379.6</ele>
      </trkpt>
      <trkpt lat="50.67145" lon="14.87627">
        <ele>383.2</ele>
      </trkpt>
      <trkpt lat="50.67013" lon="14.87795">
        <ele>389.0</ele>
      </trkpt>
      <trkpt lat="50.6692" lon="14.8796">
        <ele>395.4</ele>
      </trkpt>
      <trkpt lat="50.66769" lon="14.88314">
        <ele>398.4</ele>
      </trkpt>
      <trkpt lat="50.6674" lon="14.88334">
        <ele>399.1</ele>
      </trkpt>
      <trkpt lat="50.66593" lon="14.88352">
        <ele>405.1</ele>
      </trkpt>
      <trkpt lat="50.66643" lon="14.88544">
        <ele>409.2</ele>
      </trkpt>
      <trkpt lat="50.66663" lon="14.88862">
        <ele>413.8</ele>
      </trkpt>
      <trkpt lat="50.66489" lon="14.89369">
        <ele>423.0</ele>
      </trkpt>
      <trkpt lat="50.66467" lon="14.89526">
        <ele>420.6</ele>
      </trkpt>
      <trkpt lat="50.66353" lon="14.8977">
        <ele>416.2</ele>
      </trkpt>
      <trkpt lat="50.66279" lon="14.90005">
        <ele>410.2</ele>
      </trkpt>
      <trkpt lat="50.66263" lon="14.9011">
        <ele>408.2</ele>
      </trkpt>
      <trkpt lat="50.66271" lon="14.90358">
        <ele>405.1</ele>
      </trkpt>
      <trkpt lat="50.66173" lon="14.90552">
        <ele>405.3</ele>
      </trkpt>
      <trkpt lat="50.66154" lon="14.90685">
        <ele>404.8</ele>
      </trkpt>
      <trkpt lat="50.66178" lon="14.9075">
        <ele>402.5</ele>
      </trkpt>
      <trkpt lat="50.66328" lon="14.90874">
        <ele>399.4</ele>
      </trkpt>
      <trkpt lat="50.66425" lon="14.91">
        <ele>388.2</ele>
      </trkpt>
      <trkpt lat="50.66466" lon="14.91141">
        <ele>387.0</ele>
      </trkpt>
      <trkpt lat="50.66559" lon="14.91269">
        <ele>383.8</ele>
      </trkpt>
      <trkpt lat="50.66612" lon="14.91512">
        <ele>363.2</ele>
      </trkpt>
      <trkpt lat="50.66658" lon="14.9152">
        <ele>366.1</ele>
      </trkpt>
      <trkpt lat="50.66851" lon="14.91637">
        <ele>387.4</ele>
      </trkpt>
      <trkpt lat="50.67022" lon="14.91705">
        <ele>389.8</ele>
      </trkpt>
      <trkpt lat="50.67047" lon="14.91795">
        <ele>399.7</ele>
      </trkpt>
      <trkpt lat="50.67101" lon="14.91767">
        <ele>394.0</ele>
      </trkpt>
      <trkpt lat="50.67158" lon="14.91797">
        <ele>397.0</ele>
      </trkpt>
      <trkpt lat="50.67254" lon="14.91956">
        <ele>395.0</ele>
      </trkpt>
      <trkpt lat="50.67277" lon="14.92073">
        <ele>398.3</ele>
      </trkpt>
      <trkpt lat="50.67332" lon="14.92126">
        <ele>387.9</ele>
      </trkpt>
      <trkpt lat="50.67346" lon="14.92206">
        <ele>392.2</ele>
      </trkpt>
      <trkpt lat="50.67378" lon="14.92242">
        <ele>394.0</ele>
      </trkpt>
      <trkpt lat="50.67328" lon="14.9247">
        <ele>399.2</ele>
      </trkpt>
      <trkpt lat="50.67267" lon="14.92618">
        <ele>397.6</ele>
      </trkpt>
      <trkpt lat="50.67253" lon="14.92781">
        <ele>393.8</ele>
      </trkpt>
      <trkpt lat="50.67165" lon="14.93002">
        <ele>392.2</ele>
      </trkpt>
      <trkpt lat="50.67165" lon="14.93189">
        <ele>402.2</ele>
      </trkpt>
      <trkpt lat="50.67225" lon="14.93287">
        <ele>406.1</ele>
      </trkpt>
      <trkpt lat="50.67263" lon="14.93456">
        <ele>409.5</ele>
      </trkpt>
      <trkpt lat="50.67263" lon="14.93549">
        <ele>410.1</ele>
      </trkpt>
      <trkpt lat="50.67224" lon="14.93626">
        <ele>412.4</ele>
      </trkpt>
      <trkpt lat="50.67232" lon="14.93648">
        <ele>410.3</ele>
      </trkpt>
      <trkpt lat="50.67198" lon="14.93673">
        <ele>414.5</ele>
      </trkpt>
      <trkpt lat="50.67205" lon="14.93851">
        <ele>415.4</ele>
      </trkpt>
      <trkpt lat="50.67309" lon="14.94054">
        <ele>422.2</ele>
      </trkpt>
      <trkpt lat="50.67451" lon="14.94121">
        <ele>428.0</ele>
      </trkpt>
      <trkpt lat="50.67495" lon="14.94218">
        <ele>427.1</ele>
      </trkpt>
      <trkpt lat="50.67555" lon="14.94298">
        <ele>428.5</ele>
      </trkpt>
      <trkpt lat="50.67681" lon="14.94336">
        <ele>428.4</ele>
      </trkpt>
      <trkpt lat="50.67751" lon="14.94392">
        <ele>432.5</ele>
      </trkpt>
      <trkpt lat="50.67818" lon="14.94415">
        <ele>433.2</ele>
      </trkpt>
      <trkpt lat="50.6796" lon="14.94526">
        <ele>435.6</ele>
      </trkpt>
      <trkpt lat="50.68008" lon="14.94636">
        <ele>440.3</ele>
      </trkpt>
      <trkpt lat="50.68017" lon="14.94712">
        <ele>443.2</ele>
      </trkpt>
      <trkpt lat="50.67991" lon="14.94804">
        <ele>446.9</ele>
      </trkpt>
      <trkpt lat="50.67922" lon="14.94841">
        <ele>451.5</ele>
      </trkpt>
      <trkpt lat="50.67897" lon="14.94878">
        <ele>456.7</ele>
      </trkpt>
      <trkpt lat="50.67853" lon="14.95088">
        <ele>463.9</ele>
      </trkpt>
      <trkpt lat="50.67808" lon="14.95078">
        <ele>462.2</ele>
      </trkpt>
      <trkpt lat="50.67606" lon="14.951">
        <ele>460.7</ele>
      </trkpt>
      <trkpt lat="50.67492" lon="14.95016">
        <ele>456.1</ele>
      </trkpt>
      <trkpt lat="50.67442" lon="14.95047">
        <ele>453.0</ele>
      </trkpt>
      <trkpt lat="50.67356" lon="14.95048">
        <ele>444.3</ele>
      </trkpt>
      <trkpt lat="50.67095" lon="14.95224">
        <ele>420.2</ele>
      </trkpt>
      <trkpt lat="50.6698" lon="14.95265">
        <ele>415.5</ele>
      </trkpt>
      <trkpt lat="50.66864" lon="14.95431">
        <ele>409.6</ele>
      </trkpt>
      <trkpt lat="50.66804" lon="14.95691">
        <ele>411.1</ele>
      </trkpt>
      <trkpt lat="50.66797" lon="14.95779">
        <ele>414.1</ele>
      </trkpt>
      <trkpt lat="50.66837" lon="14.96077">
        <ele>421.6</ele>
      </trkpt>
      <trkpt lat="50.66815" lon="14.96198">
        <ele>418.6</ele>
      </trkpt>
      <trkpt lat="50.66764" lon="14.96339">
        <ele>413.5</ele>
      </trkpt>
      <trkpt lat="50.66538" lon="14.96729">
        <ele>395.7</ele>
      </trkpt>
      <trkpt lat="50.66388" lon="14.96889">
        <ele>377.3</ele>
      </trkpt>
      <trkpt lat="50.66311" lon="14.96948">
        <ele>372.6</ele>
      </trkpt>
      <trkpt lat="50.66042" lon="14.97057">
        <ele>359.5</ele>
      </trkpt>
      <trkpt lat="50.66049" lon="14.97106">
        <ele>360.5</ele>
      </trkpt>
      <trkpt lat="50.66154" lon="14.97203">
        <ele>357.5</ele>
      </trkpt>
      <trkpt lat="50.6623" lon="14.97423">
        <ele>344.3</ele>
      </trkpt>
      <trkpt lat="50.66172" lon="14.97654">
        <ele>333.7</ele>
      </trkpt>
      <trkpt lat="50.66125" lon="14.97767">
        <ele>334.7</ele>
      </trkpt>
      <trkpt lat="50.66089" lon="14.97795">
        <ele>333.0</ele>
      </trkpt>
      <trkpt lat="50.66043" lon="14.97874">
        <ele>334.2</ele>
      </trkpt>
      <trkpt lat="50.65965" lon="14.98125">
        <ele>327.4</ele>
      </trkpt>
      <trkpt lat="50.6589" lon="14.98718">
        <ele>332.9</ele>
      </trkpt>
      <trkpt lat="50.65857" lon="14.98821">
        <ele>331.4</ele>
      </trkpt>
      <trkpt lat="50.65878" lon="14.99176">
        <ele>323.5</ele>
      </trkpt>
      <trkpt lat="50.65804" lon="14.99446">
        <ele>309.7</ele>
      </trkpt>
      <trkpt lat="50.65877" lon="14.99465">
        <ele>312.9</ele>
      </trkpt>
      <trkpt lat="50.65919" lon="14.99517">
        <ele>315.6</ele>
      </trkpt>
      <trkpt lat="50.65902" lon="14.99813">
        <ele>310.9</ele>
      </trkpt>
      <trkpt lat="50.65928" lon="15.00153">
        <ele>323.6</ele>
      </trkpt>
      <trkpt lat="50.65826" lon="15.005">
        <ele>334.0</ele>
      </trkpt>
      <trkpt lat="50.65708" lon="15.00586">
        <ele>333.0</ele>
      </trkpt>
      <trkpt lat="50.65506" lon="15.00622">
        <ele>327.8</ele>
      </trkpt>
      <trkpt lat="50.65473" lon="15.00643">
        <ele>330.3</ele>
      </trkpt>
      <trkpt lat="50.65368" lon="15.00929">
        <ele>358.0</ele>
      </trkpt>
      <trkpt lat="50.65367" lon="15.01077">
        <ele>358.9</ele>
      </trkpt>
      <trkpt lat="50.65296" lon="15.01279">
        <ele>367.4</ele>
      </trkpt>
      <trkpt lat="50.65287" lon="15.0137">
        <ele>369.0</ele>
      </trkpt>
      <trkpt lat="50.65266" lon="15.01382">
        <ele>370.7</ele>
      </trkpt>
      <trkpt lat="50.65256" lon="15.01362">
        <ele>371.8</ele>
      </trkpt>
      <trkpt lat="50.65297" lon="15.01147">
        <ele>367.2</ele>
      </trkpt>
      <trkpt lat="50.65285" lon="15.01094">
        <ele>367.8</ele>
      </trkpt>
      <trkpt lat="50.65186" lon="15.01187">
        <ele>383.0</ele>
      </trkpt>
      <trkpt lat="50.65075" lon="15.0117">
        <ele>402.1</ele>
      </trkpt>
      <trkpt lat="50.65029" lon="15.01127">
        <ele>410.2</ele>
      </trkpt>
      <trkpt lat="50.65039" lon="15.01032">
        <ele>403.4</ele>
      </trkpt>
      <trkpt lat="50.6509" lon="15.00975">
        <ele>393.4</ele>
      </trkpt>
      <trkpt lat="50.65105" lon="15.00914">
        <ele>394.8</ele>
      </trkpt>
      <trkpt lat="50.65064" lon="15.00744">
        <ele>401.1</ele>
      </trkpt>
      <trkpt lat="50.65042" lon="15.00725">
        <ele>403.9</ele>
      </trkpt>
      <trkpt lat="50.65027" lon="15.00849">
        <ele>411.5</ele>
      </trkpt>
      <trkpt lat="50.64948" lon="15.01098">
        <ele>419.8</ele>
      </trkpt>
      <trkpt lat="50.64793" lon="15.01177">
        <ele>419.5</ele>
      </trkpt>
      <trkpt lat="50.64543" lon="15.01122">
        <ele>409.1</ele>
      </trkpt>
      <trkpt lat="50.64319" lon="15.01153">
        <ele>406.0</ele>
      </trkpt>
      <trkpt lat="50.64276" lon="15.01185">
        <ele>404.3</ele>
      </trkpt>
      <trkpt lat="50.64087" lon="15.01448">
        <ele>392.2</ele>
      </trkpt>
      <trkpt lat="50.63917" lon="15.01723">
        <ele>375.6</ele>
      </trkpt>
      <trkpt lat="50.63916" lon="15.01791">
        <ele>369.0</ele>
      </trkpt>
      <trkpt lat="50.63942" lon="15.01855">
        <ele>366.1</ele>
      </trkpt>
      <trkpt lat="50.64129" lon="15.01869">
        <ele>372.8</ele>
      </trkpt>
      <trkpt lat="50.64143" lon="15.01885">
        <ele>373.2</ele>
      </trkpt>
      <trkpt lat="50.64131" lon="15.01918">
        <ele>373.1</ele>
      </trkpt>
      <trkpt lat="50.63958" lon="15.01942">
        <ele>363.9</ele>
      </trkpt>
      <trkpt lat="50.63783" lon="15.01896">
        <ele>355.2</ele>
      </trkpt>
      <trkpt lat="50.63731" lon="15.01855">
        <ele>347.8</ele>
      </trkpt>
      <trkpt lat="50.63636" lon="15.01731">
        <ele>341.8</ele>
      </trkpt>
      <trkpt lat="50.63494" lon="15.01679">
        <ele>329.5</ele>
      </trkpt>
      <trkpt lat="50.6339" lon="15.01754">
        <ele>331.1</ele>
      </trkpt>
      <trkpt lat="50.63147" lon="15.02087">
        <ele>307.3</ele>
      </trkpt>
      <trkpt lat="50.63088" lon="15.02138">
        <ele>298.1</ele>
      </trkpt>
      <trkpt lat="50.6299" lon="15.02175">
        <ele>286.4</ele>
      </trkpt>
      <trkpt lat="50.62955" lon="15.02444">
        <ele>284.9</ele>
      </trkpt>
      <trkpt lat="50.62865" lon="15.02802">
        <ele>289.8</ele>
      </trkpt>
      <trkpt lat="50.6279" lon="15.02943">
        <ele>288.4</ele>
      </trkpt>
      <trkpt lat="50.62798" lon="15.031">
        <ele>292.1</ele>
      </trkpt>
      <trkpt lat="50.62759" lon="15.03256">
        <ele>288.3</ele>
      </trkpt>
      <trkpt lat="50.62762" lon="15.03316">
        <ele>289.8</ele>
      </trkpt>
      <trkpt lat="50.62807" lon="15.03389">
        <ele>293.1</ele>
      </trkpt>
      <trkpt lat="50.63001" lon="15.03583">
        <ele>301.2</ele>
      </trkpt>
      <trkpt lat="50.63068" lon="15.03754">
        <ele>301.1</ele>
      </trkpt>
      <trkpt lat="50.63052" lon="15.04174">
        <ele>298.8</ele>
      </trkpt>
      <trkpt lat="50.63057" lon="15.0436">
        <ele>303.5</ele>
      </trkpt>
      <trkpt lat="50.63078" lon="15.04415">
        <ele>304.8</ele>
      </trkpt>
      <trkpt lat="50.63122" lon="15.04453">
        <ele>308.6</ele>
      </trkpt>
      <trkpt lat="50.63251" lon="15.04467">
        <ele>315.2</ele>
      </trkpt>
      <trkpt lat="50.63435" lon="15.04552">
        <ele>297.2</ele>
      </trkpt>
      <trkpt lat="50.63482" lon="15.04622">
        <ele>298.0</ele>
      </trkpt>
      <trkpt lat="50.63529" lon="15.04873">
        <ele>302.3</ele>
      </trkpt>
      <trkpt lat="50.63647" lon="15.05279">
        <ele>308.0</ele>
      </trkpt>
      <trkpt lat="50.6373" lon="15.05876">
        <ele>313.7</ele>
      </trkpt>
      <trkpt lat="50.63638" lon="15.06063">
        <ele>310.0</ele>
      </trkpt>
      <trkpt lat="50.63612" lon="15.06153">
        <ele>316.3</ele>
      </trkpt>
      <trkpt lat="50.63548" lon="15.06641">
        <ele>308.4</ele>
      </trkpt>
      <trkpt lat="50.63575" lon="15.06804">
        <ele>311.5</ele>
      </trkpt>
      <trkpt lat="50.6356" lon="15.06938">
        <ele>310.7</ele>
      </trkpt>
      <trkpt lat="50.63531" lon="15.06956">
        <ele>308.0</ele>
      </trkpt>
      <trkpt lat="50.63479" lon="15.06945">
        <ele>307.8</ele>
      </trkpt>
      <trkpt lat="50.63437" lon="15.06968">
        <ele>309.0</ele>
      </trkpt>
      <trkpt lat="50.63251" lon="15.07389">
        <ele>339.3</ele>
      </trkpt>
      <trkpt lat="50.63174" lon="15.07645">
        <ele>336.2</ele>
      </trkpt>
      <trkpt lat="50.6311" lon="15.07722">
        <ele>339.1</ele>
      </trkpt>
      <trkpt lat="50.63044" lon="15.07725">
        <ele>346.8</ele>
      </trkpt>
      <trkpt lat="50.63002" lon="15.07884">
        <ele>333.6</ele>
      </trkpt>
      <trkpt lat="50.62938" lon="15.07893">
        <ele>340.1</ele>
      </trkpt>
      <trkpt lat="50.62816" lon="15.07988">
        <ele>342.2</ele>
      </trkpt>
      <trkpt lat="50.6272" lon="15.07993">
        <ele>354.7</ele>
      </trkpt>
      <trkpt lat="50.62715" lon="15.08102">
        <ele>363.4</ele>
      </trkpt>
      <trkpt lat="50.62693" lon="15.08088">
        <ele>366.3</ele>
      </trkpt>
      <trkpt lat="50.62666" lon="15.08013">
        <ele>366.9</ele>
      </trkpt>
      <trkpt lat="50.62658" lon="15.07884">
        <ele>376.1</ele>
      </trkpt>
      <trkpt lat="50.62644" lon="15.07877">
        <ele>377.7</ele>
      </trkpt>
      <trkpt lat="50.6263" lon="15.07895">
        <ele>377.9</ele>
      </trkpt>
      <trkpt lat="50.62646" lon="15.08134">
        <ele>375.8</ele>
      </trkpt>
      <trkpt lat="50.62602" lon="15.08231">
        <ele>381.0</ele>
      </trkpt>
      <trkpt lat="50.62556" lon="15.0851">
        <ele>383.7</ele>
      </trkpt>
      <trkpt lat="50.62575" lon="15.08706">
        <ele>383.7</ele>
      </trkpt>
      <trkpt lat="50.62428" lon="15.09025">
        <ele>378.8</ele>
      </trkpt>
      <trkpt lat="50.62436" lon="15.09172">
        <ele>379.0</ele>
      </trkpt>
      <trkpt lat="50.62518" lon="15.09325">
        <ele>380.7</ele>
      </trkpt>
      <trkpt lat="50.6253" lon="15.09471">
        <ele>380.3</ele>
      </trkpt>
      <trkpt lat="50.62396" lon="15.09847">
        <ele>368.0</ele>
      </trkpt>
      <trkpt lat="50.62339" lon="15.09899">
        <ele>368.0</ele>
      </trkpt>
      <trkpt lat="50.62244" lon="15.10288">
        <ele>367.7</ele>
      </trkpt>
      <trkpt lat="50.6218" lon="15.1069">
        <ele>359.7</ele>
      </trkpt>
      <trkpt lat="50.6222" lon="15.10945">
        <ele>354.5</ele>
      </trkpt>
      <trkpt lat="50.62015" lon="15.11004">
        <ele>341.3</ele>
      </trkpt>
      <trkpt lat="50.62005" lon="15.1108">
        <ele>340.4</ele>
      </trkpt>
      <trkpt lat="50.61872" lon="15.11395">
        <ele>332.1</ele>
      </trkpt>
      <trkpt lat="50.61881" lon="15.11432">
        <ele>332.0</ele>
      </trkpt>
      <trkpt lat="50.61935" lon="15.11452">
        <ele>333.6</ele>
      </trkpt>
      <trkpt lat="50.61968" lon="15.11504">
        <ele>333.2</ele>
      </trkpt>
      <trkpt lat="50.61932" lon="15.11602">
        <ele>332.2</ele>
      </trkpt>
      <trkpt lat="50.6196" lon="15.1192">
        <ele>330.5</ele>
      </trkpt>
      <trkpt lat="50.62015" lon="15.12231">
        <ele>327.9</ele>
      </trkpt>
      <trkpt lat="50.62178" lon="15.12559">
        <ele>336.7</ele>
      </trkpt>
      <trkpt lat="50.62317" lon="15.13005">
        <ele>333.9</ele>
      </trkpt>
      <trkpt lat="50.62412" lon="15.13067">
        <ele>339.6</ele>
      </trkpt>
      <trkpt lat="50.6255" lon="15.13063">
        <ele>352.3</ele>
      </trkpt>
      <trkpt lat="50.62591" lon="15.13096">
        <ele>357.0</ele>
      </trkpt>
      <trkpt lat="50.62615" lon="15.13141">
        <ele>360.1</ele>
      </trkpt>
      <trkpt lat="50.62654" lon="15.13374">
        <ele>365.8</ele>
      </trkpt>
      <trkpt lat="50.62731" lon="15.13563">
        <ele>375.6</ele>
      </trkpt>
      <trkpt lat="50.62799" lon="15.13622">
        <ele>382.4</ele>
      </trkpt>
      <trkpt lat="50.62797" lon="15.13657">
        <ele>383.0</ele>
      </trkpt>
      <trkpt lat="50.62839" lon="15.13759">
        <ele>384.2</ele>
      </trkpt>
      <trkpt lat="50.6296" lon="15.13895">
        <ele>386.6</ele>
      </trkpt>
      <trkpt lat="50.63184" lon="15.14224">
        <ele>384.8</ele>
      </trkpt>
      <trkpt lat="50.63294" lon="15.1434">
        <ele>387.1</ele>
      </trkpt>
      <trkpt lat="50.63386" lon="15.14433">
        <ele>382.2</ele>
      </trkpt>
      <trkpt lat="50.63479" lon="15.14453">
        <ele>381.5</ele>
      </trkpt>
      <trkpt lat="50.63542" lon="15.14493">
        <ele>382.9</ele>
      </trkpt>
      <trkpt lat="50.63552" lon="15.14538">
        <ele>383.6</ele>
      </trkpt>
      <trkpt lat="50.63536" lon="15.14572">
        <ele>386.0</ele>
      </trkpt>
      <trkpt lat="50.63453" lon="15.14618">
        <ele>386.6</ele>
      </trkpt>
      <trkpt lat="50.63344" lon="15.14648">
        <ele>382.6</ele>
      </trkpt>
      <trkpt lat="50.63331" lon="15.14682">
        <ele>383.3</ele>
      </trkpt>
      <trkpt lat="50.63346" lon="15.14733">
        <ele>385.4</ele>
      </trkpt>
      <trkpt lat="50.6341" lon="15.14735">
        <ele>389.4</ele>
      </trkpt>
      <trkpt lat="50.63512" lon="15.14819">
        <ele>397.1</ele>
      </trkpt>
      <trkpt lat="50.63509" lon="15.14985">
        <ele>394.1</ele>
      </trkpt>
      <trkpt lat="50.63535" lon="15.15073">
        <ele>395.6</ele>
      </trkpt>
      <trkpt lat="50.63466" lon="15.15264">
        <ele>395.2</ele>
      </trkpt>
      <trkpt lat="50.63454" lon="15.1535">
        <ele>399.8</ele>
      </trkpt>
      <trkpt lat="50.6357" lon="15.15424">
        <ele>407.1</ele>
      </trkpt>
      <trkpt lat="50.63581" lon="15.15449">
        <ele>408.2</ele>
      </trkpt>
      <trkpt lat="50.63571" lon="15.15474">
        <ele>409.1</ele>
      </trkpt>
      <trkpt lat="50.63522" lon="15.15477">
        <ele>409.5</ele>
      </trkpt>
      <trkpt lat="50.63507" lon="15.15504">
        <ele>411.0</ele>
      </trkpt>
      <trkpt lat="50.63556" lon="15.15647">
        <ele>413.8</ele>
      </trkpt>
      <trkpt lat="50.63604" lon="15.15894">
        <ele>412.9</ele>
      </trkpt>
      <trkpt lat="50.63632" lon="15.15896">
        <ele>412.7</ele>
      </trkpt>
      <trkpt lat="50.63725" lon="15.15811">
        <ele>411.5</ele>
      </trkpt>
      <trkpt lat="50.64337" lon="15.15597">
        <ele>437.9</ele>
      </trkpt>
      <trkpt lat="50.64377" lon="15.15608">
        <ele>440.2</ele>
      </trkpt>
      <trkpt lat="50.64618" lon="15.15777">
        <ele>456.8</ele>
      </trkpt>
      <trkpt lat="50.64779" lon="15.1569">
        <ele>455.5</ele>
      </trkpt>
      <trkpt lat="50.65062" lon="15.15816">
        <ele>469.1</ele>
      </trkpt>
      <trkpt lat="50.6513" lon="15.15764">
        <ele>476.1</ele>
      </trkpt>
      <trkpt lat="50.65188" lon="15.1561">
        <ele>476.7</ele>
      </trkpt>
      <trkpt lat="50.65238" lon="15.15716">
        <ele>478.5</ele>
      </trkpt>
      <trkpt lat="50.65238" lon="15.15831">
        <ele>484.0</ele>
      </trkpt>
      <trkpt lat="50.65221" lon="15.1589">
        <ele>490.1</ele>
      </trkpt>
      <trkpt lat="50.65152" lon="15.15936">
        <ele>486.8</ele>
      </trkpt>
      <trkpt lat="50.65108" lon="15.16024">
        <ele>487.0</ele>
      </trkpt>
      <trkpt lat="50.65052" lon="15.16389">
        <ele>497.4</ele>
      </trkpt>
      <trkpt lat="50.65071" lon="15.16417">
        <ele>502.3</ele>
      </trkpt>
      <trkpt lat="50.65174" lon="15.16155">
        <ele>517.4</ele>
      </trkpt>
      <trkpt lat="50.65265" lon="15.1604">
        <ele>521.4</ele>
      </trkpt>
      <trkpt lat="50.65342" lon="15.16027">
        <ele>530.5</ele>
      </trkpt>
      <trkpt lat="50.65565" lon="15.16087">
        <ele>553.5</ele>
      </trkpt>
      <trkpt lat="50.65648" lon="15.16002">
        <ele>549.6</ele>
      </trkpt>
      <trkpt lat="50.65705" lon="15.16008">
        <ele>556.3</ele>
      </trkpt>
      <trkpt lat="50.65732" lon="15.15993">
        <ele>558.8</ele>
      </trkpt>
      <trkpt lat="50.6575" lon="15.15964">
        <ele>561.4</ele>
      </trkpt>
      <trkpt lat="50.65763" lon="15.15852">
        <ele>565.3</ele>
      </trkpt>
      <trkpt lat="50.65747" lon="15.1565">
        <ele>568.1</ele>
      </trkpt>
      <trkpt lat="50.65855" lon="15.15598">
        <ele>577.9</ele>
      </trkpt>
      <trkpt lat="50.65866" lon="15.1563">
        <ele>582.4</ele>
      </trkpt>
      <trkpt lat="50.65826" lon="15.15686">
        <ele>579.1</ele>
      </trkpt>
      <trkpt lat="50.65819" lon="15.15745">
        <ele>578.2</ele>
      </trkpt>
      <trkpt lat="50.65873" lon="15.16065">
        <ele>602.5</ele>
      </trkpt>
      <trkpt lat="50.65873" lon="15.16149">
        <ele>606.6</ele>
      </trkpt>
      <trkpt lat="50.65735" lon="15.16435">
        <ele>610.0</ele>
      </trkpt>
      <trkpt lat="50.65733" lon="15.16486">
        <ele>615.0</ele>
      </trkpt>
      <trkpt lat="50.65884" lon="15.16585">
        <ele>626.9</ele>
      </trkpt>
      <trkpt lat="50.66073" lon="15.16801">
        <ele>635.0</ele>
      </trkpt>
      <trkpt lat="50.66415" lon="15.1683">
        <ele>633.2</ele>
      </trkpt>
      <trkpt lat="50.66462" lon="15.16874">
        <ele>626.1</ele>
      </trkpt>
      <trkpt lat="50.66581" lon="15.17723">
        <ele>583.6</ele>
      </trkpt>
      <trkpt lat="50.66589" lon="15.17914">
        <ele>580.4</ele>
      </trkpt>
      <trkpt lat="50.66616" lon="15.17994">
        <ele>577.3</ele>
      </trkpt>
      <trkpt lat="50.66649" lon="15.18015">
        <ele>574.8</ele>
      </trkpt>
      <trkpt lat="50.66754" lon="15.18003">
        <ele>565.8</ele>
      </trkpt>
      <trkpt lat="50.67047" lon="15.18113">
        <ele>569.2</ele>
      </trkpt>
      <trkpt lat="50.67216" lon="15.18211">
        <ele>566.0</ele>
      </trkpt>
      <trkpt lat="50.67317" lon="15.18294">
        <ele>562.6</ele>
      </trkpt>
      <trkpt lat="50.67272" lon="15.18357">
        <ele>559.1</ele>
      </trkpt>
      <trkpt lat="50.6718" lon="15.18437">
        <ele>552.8</ele>
      </trkpt>
      <trkpt lat="50.67029" lon="15.18472">
        <ele>543.5</ele>
      </trkpt>
      <trkpt lat="50.66993" lon="15.18468">
        <ele>541.2</ele>
      </trkpt>
      <trkpt lat="50.66893" lon="15.1841">
        <ele>537.1</ele>
      </trkpt>
      <trkpt lat="50.66818" lon="15.18423">
        <ele>531.9</ele>
      </trkpt>
      <trkpt lat="50.66582" lon="15.18723">
        <ele>511.9</ele>
      </trkpt>
      <trkpt lat="50.66431" lon="15.18854">
        <ele>514.9</ele>
      </trkpt>
      <trkpt lat="50.66449" lon="15.18868">
        <ele>509.8</ele>
      </trkpt>
      <trkpt lat="50.66511" lon="15.18841">
        <ele>506.7</ele>
      </trkpt>
      <trkpt lat="50.66684" lon="15.18809">
        <ele>491.3</ele>
      </trkpt>
      <trkpt lat="50.6674" lon="15.18762">
        <ele>489.6</ele>
      </trkpt>
      <trkpt lat="50.66772" lon="15.18763">
        <ele>490.1</ele>
      </trkpt>
      <trkpt lat="50.66804" lon="15.18973">
        <ele>471.2</ele>
      </trkpt>
      <trkpt lat="50.66796" lon="15.19072">
        <ele>463.5</ele>
      </trkpt>
      <trkpt lat="50.6683" lon="15.19186">
        <ele>458.1</ele>
      </trkpt>
      <trkpt lat="50.66815" lon="15.19216">
        <ele>454.8</ele>
      </trkpt>
      <trkpt lat="50.66743" lon="15.19262">
        <ele>448.8</ele>
      </trkpt>
      <trkpt lat="50.66579" lon="15.1949">
        <ele>432.3</ele>
      </trkpt>
      <trkpt lat="50.66561" lon="15.19459">
        <ele>430.1</ele>
      </trkpt>
      <trkpt lat="50.66584" lon="15.19358">
        <ele>432.1</ele>
      </trkpt>
      <trkpt lat="50.66565" lon="15.19337">
        <ele>431.7</ele>
      </trkpt>
      <trkpt lat="50.66546" lon="15.19366">
        <ele>430.7</ele>
      </trkpt>
      <trkpt lat="50.66381" lon="15.19924">
        <ele>400.1</ele>
      </trkpt>
      <trkpt lat="50.66274" lon="15.20375">
        <ele>371.3</ele>
      </trkpt>
      <trkpt lat="50.66289" lon="15.20415">
        <ele>371.7</ele>
      </trkpt>
      <trkpt lat="50.66381" lon="15.20426">
        <ele>381.7</ele>
      </trkpt>
      <trkpt lat="50.66388" lon="15.2047">
        <ele>382.0</ele>
      </trkpt>
      <trkpt lat="50.66368" lon="15.20492">
        <ele>378.5</ele>
      </trkpt>
      <trkpt lat="50.66303" lon="15.2051">
        <ele>370.3</ele>
      </trkpt>
      <trkpt lat="50.66165" lon="15.20531">
        <ele>360.0</ele>
      </trkpt>
      <trkpt lat="50.66089" lon="15.20578">
        <ele>362.5</ele>
      </trkpt>
      <trkpt lat="50.65908" lon="15.20752">
        <ele>337.7</ele>
      </trkpt>
      <trkpt lat="50.65514" lon="15.21299">
        <ele>294.8</ele>
      </trkpt>
      <trkpt lat="50.65472" lon="15.21427">
        <ele>282.6</ele>
      </trkpt>
      <trkpt lat="50.65488" lon="15.2158">
        <ele>285.8</ele>
      </trkpt>
      <trkpt lat="50.6542" lon="15.2189">
        <ele>278.8</ele>
      </trkpt>
      <trkpt lat="50.65392" lon="15.21943">
        <ele>280.6</ele>
      </trkpt>
      <trkpt lat="50.65422" lon="15.21987">
        <ele>286.0</ele>
      </trkpt>
      <trkpt lat="50.65495" lon="15.21979">
        <ele>298.4</ele>
      </trkpt>
      <trkpt lat="50.65552" lon="15.21945">
        <ele>310.9</ele>
      </trkpt>
      <trkpt lat="50.65628" lon="15.21813">
        <ele>317.7</ele>
      </trkpt>
      <trkpt lat="50.65702" lon="15.21725">
        <ele>328.4</ele>
      </trkpt>
      <trkpt lat="50.65768" lon="15.2158">
        <ele>339.2</ele>
      </trkpt>
      <trkpt lat="50.65833" lon="15.21523">
        <ele>338.8</ele>
      </trkpt>
      <trkpt lat="50.65848" lon="15.21557">
        <ele>345.7</ele>
      </trkpt>
      <trkpt lat="50.65809" lon="15.21573">
        <ele>342.9</ele>
      </trkpt>
      <trkpt lat="50.65803" lon="15.21598">
        <ele>343.3</ele>
      </trkpt>
      <trkpt lat="50.65817" lon="15.21608">
        <ele>346.2</ele>
      </trkpt>
      <trkpt lat="50.65857" lon="15.21573">
        <ele>350.0</ele>
      </trkpt>
      <trkpt lat="50.6579" lon="15.21701">
        <ele>348.5</ele>
      </trkpt>
      <trkpt lat="50.65669" lon="15.22209">
        <ele>392.7</ele>
      </trkpt>
      <trkpt lat="50.65622" lon="15.22279">
        <ele>391.5</ele>
      </trkpt>
      <trkpt lat="50.65574" lon="15.22316">
        <ele>388.4</ele>
      </trkpt>
      <trkpt lat="50.6556" lon="15.22406">
        <ele>390.9</ele>
      </trkpt>
      <trkpt lat="50.65586" lon="15.22546">
        <ele>408.4</ele>
      </trkpt>
      <trkpt lat="50.65674" lon="15.22523">
        <ele>414.5</ele>
      </trkpt>
      <trkpt lat="50.65762" lon="15.2256">
        <ele>425.3</ele>
      </trkpt>
      <trkpt lat="50.65796" lon="15.22455">
        <ele>429.0</ele>
      </trkpt>
      <trkpt lat="50.65975" lon="15.22588">
        <ele>438.4</ele>
      </trkpt>
      <trkpt lat="50.65985" lon="15.22703">
        <ele>438.4</ele>
      </trkpt>
      <trkpt lat="50.66203" lon="15.23048">
        <ele>454.5</ele>
      </trkpt>
      <trkpt lat="50.66241" lon="15.23157">
        <ele>458.0</ele>
      </trkpt>
      <trkpt lat="50.66219" lon="15.23281">
        <ele>460.8</ele>
      </trkpt>
      <trkpt lat="50.66181" lon="15.23361">
        <ele>463.2</ele>
      </trkpt>
      <trkpt lat="50.66038" lon="15.23497">
        <ele>473.6</ele>
      </trkpt>
      <trkpt lat="50.66018" lon="15.23541">
        <ele>474.7</ele>
      </trkpt>
      <trkpt lat="50.65977" lon="15.23913">
        <ele>474.7</ele>
      </trkpt>
      <trkpt lat="50.65941" lon="15.24066">
        <ele>466.4</ele>
      </trkpt>
      <trkpt lat="50.65946" lon="15.24118">
        <ele>463.7</ele>
      </trkpt>
      <trkpt lat="50.66002" lon="15.24221">
        <ele>461.7</ele>
      </trkpt>
      <trkpt lat="50.66001" lon="15.24254">
        <ele>460.0</ele>
      </trkpt>
      <trkpt lat="50.65882" lon="15.2423">
        <ele>452.5</ele>
      </trkpt>
      <trkpt lat="50.65643" lon="15.24241">
        <ele>437.5</ele>
      </trkpt>
      <trkpt lat="50.65588" lon="15.24265">
        <ele>436.1</ele>
      </trkpt>
      <trkpt lat="50.65523" lon="15.24349">
        <ele>434.6</ele>
      </trkpt>
      <trkpt lat="50.65378" lon="15.24654">
        <ele>425.5</ele>
      </trkpt>
      <trkpt lat="50.65373" lon="15.24836">
        <ele>421.6</ele>
      </trkpt>
      <trkpt lat="50.65309" lon="15.25056">
        <ele>412.8</ele>
      </trkpt>
      <trkpt lat="50.65284" lon="15.25089">
        <ele>409.3</ele>
      </trkpt>
      <trkpt lat="50.65179" lon="15.25134">
        <ele>415.2</ele>
      </trkpt>
      <trkpt lat="50.65143" lon="15.25219">
        <ele>400.9</ele>
      </trkpt>
      <trkpt lat="50.65114" lon="15.25243">
        <ele>399.2</ele>
      </trkpt>
      <trkpt lat="50.64955" lon="15.25313">
        <ele>388.1</ele>
      </trkpt>
      <trkpt lat="50.64881" lon="15.25292">
        <ele>382.1</ele>
      </trkpt>
      <trkpt lat="50.64827" lon="15.25296">
        <ele>370.3</ele>
      </trkpt>
      <trkpt lat="50.64762" lon="15.25153">
        <ele>371.6</ele>
      </trkpt>
      <trkpt lat="50.64685" lon="15.25077">
        <ele>364.4</ele>
      </trkpt>
      <trkpt lat="50.64631" lon="15.25078">
        <ele>355.4</ele>
      </trkpt>
      <trkpt lat="50.64561" lon="15.25052">
        <ele>352.4</ele>
      </trkpt>
      <trkpt lat="50.64462" lon="15.25069">
        <ele>338.9</ele>
      </trkpt>
      <trkpt lat="50.64375" lon="15.25036">
        <ele>331.9</ele>
      </trkpt>
      <trkpt lat="50.64374" lon="15.25076">
        <ele>325.5</ele>
      </trkpt>
      <trkpt lat="50.64553" lon="15.25224">
        <ele>320.1</ele>
      </trkpt>
      <trkpt lat="50.6459" lon="15.25423">
        <ele>303.3</ele>
      </trkpt>
      <trkpt lat="50.64567" lon="15.25432">
        <ele>299.8</ele>
      </trkpt>
      <trkpt lat="50.64466" lon="15.25355">
        <ele>296.8</ele>
      </trkpt>
      <trkpt lat="50.64398" lon="15.25391">
        <ele>290.7</ele>
      </trkpt>
      <trkpt lat="50.64278" lon="15.25357">
        <ele>285.0</ele>
      </trkpt>
      <trkpt lat="50.64223" lon="15.25379">
        <ele>282.3</ele>
      </trkpt>
      <trkpt lat="50.64179" lon="15.25451">
        <ele>279.1</ele>
      </trkpt>
      <trkpt lat="50.64245" lon="15.25602">
        <ele>280.4</ele>
      </trkpt>
      <trkpt lat="50.64314" lon="15.25566">
        <ele>282.8</ele>
      </trkpt>
      <trkpt lat="50.64417" lon="15.25602">
        <ele>288.1</ele>
      </trkpt>
      <trkpt lat="50.64489" lon="15.25597">
        <ele>290.0</ele>
      </trkpt>
      <trkpt lat="50.64597" lon="15.25711">
        <ele>301.5</ele>
      </trkpt>
      <trkpt lat="50.64579" lon="15.25732">
        <ele>305.1</ele>
      </trkpt>
      <trkpt lat="50.6452" lon="15.25716">
        <ele>299.4</ele>
      </trkpt>
      <trkpt lat="50.64475" lon="15.2574">
        <ele>300.9</ele>
      </trkpt>
      <trkpt lat="50.6443" lon="15.25798">
        <ele>305.4</ele>
      </trkpt>
      <trkpt lat="50.64386" lon="15.25906">
        <ele>309.2</ele>
      </trkpt>
      <trkpt lat="50.64321" lon="15.26219">
        <ele>321.6</ele>
      </trkpt>
      <trkpt lat="50.64326" lon="15.26312">
        <ele>330.4</ele>
      </trkpt>
      <trkpt lat="50.64269" lon="15.26378">
        <ele>321.4</ele>
      </trkpt>
      <trkpt lat="50.64283" lon="15.26525">
        <ele>339.3</ele>
      </trkpt>
      <trkpt lat="50.64256" lon="15.26659">
        <ele>339.4</ele>
      </trkpt>
      <trkpt lat="50.64263" lon="15.26747">
        <ele>337.6</ele>
      </trkpt>
      <trkpt lat="50.64486" lon="15.26939">
        <ele>368.8</ele>
      </trkpt>
      <trkpt lat="50.64544" lon="15.26926">
        <ele>375.3</ele>
      </trkpt>
      <trkpt lat="50.64605" lon="15.26945">
        <ele>378.2</ele>
      </trkpt>
      <trkpt lat="50.6465" lon="15.2693">
        <ele>385.2</ele>
      </trkpt>
      <trkpt lat="50.64653" lon="15.27001">
        <ele>381.8</ele>
      </trkpt>
      <trkpt lat="50.6473" lon="15.2713">
        <ele>396.2</ele>
      </trkpt>
      <trkpt lat="50.64723" lon="15.27153">
        <ele>395.7</ele>
      </trkpt>
      <trkpt lat="50.64674" lon="15.27182">
        <ele>394.8</ele>
      </trkpt>
      <trkpt lat="50.64637" lon="15.27147">
        <ele>390.3</ele>
      </trkpt>
      <trkpt lat="50.64569" lon="15.27158">
        <ele>387.5</ele>
      </trkpt>
      <trkpt lat="50.64503" lon="15.27187">
        <ele>381.4</ele>
      </trkpt>
      <trkpt lat="50.64491" lon="15.27212">
        <ele>379.5</ele>
      </trkpt>
      <trkpt lat="50.64554" lon="15.27434">
        <ele>389.7</ele>
      </trkpt>
      <trkpt lat="50.64657" lon="15.27482">
        <ele>392.2</ele>
      </trkpt>
      <trkpt lat="50.64736" lon="15.27604">
        <ele>394.8</ele>
      </trkpt>
      <trkpt lat="50.64761" lon="15.27736">
        <ele>397.5</ele>
      </trkpt>
      <trkpt lat="50.64759" lon="15.27822">
        <ele>400.6</ele>
      </trkpt>
      <trkpt lat="50.64724" lon="15.27828">
        <ele>406.4</ele>
      </trkpt>
      <trkpt lat="50.64651" lon="15.27699">
        <ele>401.1</ele>
      </trkpt>
      <trkpt lat="50.64616" lon="15.27669">
        <ele>399.9</ele>
      </trkpt>
      <trkpt lat="50.64559" lon="15.27697">
        <ele>407.9</ele>
      </trkpt>
      <trkpt lat="50.64487" lon="15.27703">
        <ele>407.5</ele>
      </trkpt>
      <trkpt lat="50.6445" lon="15.27736">
        <ele>408.1</ele>
      </trkpt>
      <trkpt lat="50.64421" lon="15.27879">
        <ele>411.0</ele>
      </trkpt>
      <trkpt lat="50.64349" lon="15.27949">
        <ele>409.1</ele>
      </trkpt>
      <trkpt lat="50.6433" lon="15.28014">
        <ele>411.7</ele>
      </trkpt>
      <trkpt lat="50.64373" lon="15.28116">
        <ele>413.9</ele>
      </trkpt>
      <trkpt lat="50.64466" lon="15.28171">
        <ele>422.1</ele>
      </trkpt>
      <trkpt lat="50.6461" lon="15.28353">
        <ele>422.1</ele>
      </trkpt>
      <trkpt lat="50.6477" lon="15.28412">
        <ele>433.8</ele>
      </trkpt>
      <trkpt lat="50.64804" lon="15.28607">
        <ele>438.8</ele>
      </trkpt>
      <trkpt lat="50.64924" lon="15.28783">
        <ele>447.5</ele>
      </trkpt>
      <trkpt lat="50.6495" lon="15.2907">
        <ele>455.6</ele>
      </trkpt>
      <trkpt lat="50.64887" lon="15.29267">
        <ele>454.4</ele>
      </trkpt>
      <trkpt lat="50.6466" lon="15.29513">
        <ele>450.9</ele>
      </trkpt>
      <trkpt lat="50.64528" lon="15.2947">
        <ele>453.1</ele>
      </trkpt>
      <trkpt lat="50.64378" lon="15.29355">
        <ele>446.3</ele>
      </trkpt>
      <trkpt lat="50.64326" lon="15.29393">
        <ele>445.6</ele>
      </trkpt>
      <trkpt lat="50.64297" lon="15.29443">
        <ele>442.5</ele>
      </trkpt>
      <trkpt lat="50.64277" lon="15.2965">
        <ele>439.9</ele>
      </trkpt>
      <trkpt lat="50.64425" lon="15.29909">
        <ele>444.5</ele>
      </trkpt>
      <trkpt lat="50.64428" lon="15.29946">
        <ele>443.8</ele>
      </trkpt>
      <trkpt lat="50.6439" lon="15.30022">
        <ele>437.4</ele>
      </trkpt>
      <trkpt lat="50.64346" lon="15.30064">
        <ele>433.1</ele>
      </trkpt>
      <trkpt lat="50.64237" lon="15.30337">
        <ele>420.5</ele>
      </trkpt>
      <trkpt lat="50.64136" lon="15.3043">
        <ele>411.6</ele>
      </trkpt>
      <trkpt lat="50.64052" lon="15.30538">
        <ele>407.3</ele>
      </trkpt>
      <trkpt lat="50.63944" lon="15.30601">
        <ele>401.0</ele>
      </trkpt>
      <trkpt lat="50.63926" lon="15.30642">
        <ele>400.4</ele>
      </trkpt>
      <trkpt lat="50.63938" lon="15.30744">
        <ele>395.3</ele>
      </trkpt>
      <trkpt lat="50.63965" lon="15.30805">
        <ele>394.0</ele>
      </trkpt>
      <trkpt lat="50.64059" lon="15.30902">
        <ele>395.2</ele>
      </trkpt>
      <trkpt lat="50.64026" lon="15.31017">
        <ele>382.9</ele>
      </trkpt>
      <trkpt lat="50.64031" lon="15.31058">
        <ele>378.2</ele>
      </trkpt>
      <trkpt lat="50.64055" lon="15.31088">
        <ele>379.0</ele>
      </trkpt>
      <trkpt lat="50.6413" lon="15.31117">
        <ele>385.7</ele>
      </trkpt>
      <trkpt lat="50.64181" lon="15.31179">
        <ele>380.1</ele>
      </trkpt>
      <trkpt lat="50.64324" lon="15.31148">
        <ele>376.2</ele>
      </trkpt>
      <trkpt lat="50.64422" lon="15.30991">
        <ele>376.6</ele>
      </trkpt>
      <trkpt lat="50.64513" lon="15.30924">
        <ele>367.4</ele>
      </trkpt>
      <trkpt lat="50.64621" lon="15.30878">
        <ele>357.6</ele>
      </trkpt>
      <trkpt lat="50.64782" lon="15.3087">
        <ele>355.3</ele>
      </trkpt>
      <trkpt lat="50.64785" lon="15.30915">
        <ele>354.8</ele>
      </trkpt>
      <trkpt lat="50.64729" lon="15.30979">
        <ele>347.8</ele>
      </trkpt>
      <trkpt lat="50.64556" lon="15.31105">
        <ele>337.6</ele>
      </trkpt>
      <trkpt lat="50.64535" lon="15.31187">
        <ele>331.0</ele>
      </trkpt>
      <trkpt lat="50.64548" lon="15.31283">
        <ele>331.7</ele>
      </trkpt>
      <trkpt lat="50.64645" lon="15.31511">
        <ele>342.3</ele>
      </trkpt>
      <trkpt lat="50.64687" lon="15.31776">
        <ele>339.6</ele>
      </trkpt>
      <trkpt lat="50.64688" lon="15.32104">
        <ele>322.0</ele>
      </trkpt>
      <trkpt lat="50.64725" lon="15.32256">
        <ele>325.5</ele>
      </trkpt>
      <trkpt lat="50.64816" lon="15.32417">
        <ele>332.9</ele>
      </trkpt>
      <trkpt lat="50.649" lon="15.32492">
        <ele>324.7</ele>
      </trkpt>
      <trkpt lat="50.65048" lon="15.32718">
        <ele>334.0</ele>
      </trkpt>
      <trkpt lat="50.65119" lon="15.32796">
        <ele>328.2</ele>
      </trkpt>
      <trkpt lat="50.65214" lon="15.32858">
        <ele>321.8</ele>
      </trkpt>
      <trkpt lat="50.65259" lon="15.32857">
        <ele>322.1</ele>
      </trkpt>
      <trkpt lat="50.65319" lon="15.32776">
        <ele>322.2</ele>
      </trkpt>
      <trkpt lat="50.65366" lon="15.32787">
        <ele>323.0</ele>
      </trkpt>
      <trkpt lat="50.6541" lon="15.32697">
        <ele>324.2</ele>
      </trkpt>
      <trkpt lat="50.65524" lon="15.32589">
        <ele>333.1</ele>
      </trkpt>
      <trkpt lat="50.65542" lon="15.32596">
        <ele>334.4</ele>
      </trkpt>
      <trkpt lat="50.6554" lon="15.32635">
        <ele>338.5</ele>
      </trkpt>
      <trkpt lat="50.6549" lon="15.32659">
        <ele>336.6</ele>
      </trkpt>
      <trkpt lat="50.65441" lon="15.3276">
        <ele>331.3</ele>
      </trkpt>
      <trkpt lat="50.65561" lon="15.32948">
        <ele>357.5</ele>
      </trkpt>
      <trkpt lat="50.65586" lon="15.33034">
        <ele>360.9</ele>
      </trkpt>
      <trkpt lat="50.65626" lon="15.33437">
        <ele>395.8</ele>
      </trkpt>
      <trkpt lat="50.6557" lon="15.33662">
        <ele>412.0</ele>
      </trkpt>
      <trkpt lat="50.65564" lon="15.33836">
        <ele>417.8</ele>
      </trkpt>
      <trkpt lat="50.65592" lon="15.33857">
        <ele>421.0</ele>
      </trkpt>
      <trkpt lat="50.65722" lon="15.33857">
        <ele>426.6</ele>
      </trkpt>
      <trkpt lat="50.65785" lon="15.33922">
        <ele>430.2</ele>
      </trkpt>
      <trkpt lat="50.65837" lon="15.3393">
        <ele>431.3</ele>
      </trkpt>
      <trkpt lat="50.65904" lon="15.33894">
        <ele>429.7</ele>
      </trkpt>
      <trkpt lat="50.66002" lon="15.33803">
        <ele>429.0</ele>
      </trkpt>
      <trkpt lat="50.66045" lon="15.3382">
        <ele>428.8</ele>
      </trkpt>
      <trkpt lat="50.66261" lon="15.34212">
        <ele>435.8</ele>
      </trkpt>
      <trkpt lat="50.66303" lon="15.34383">
        <ele>435.4</ele>
      </trkpt>
      <trkpt lat="50.66303" lon="15.34769">
        <ele>441.5</ele>
      </trkpt>
      <trkpt lat="50.66363" lon="15.34818">
        <ele>443.6</ele>
      </trkpt>
      <trkpt lat="50.66426" lon="15.34954">
        <ele>449.5</ele>
      </trkpt>
      <trkpt lat="50.66412" lon="15.3523">
        <ele>465.7</ele>
      </trkpt>
      <trkpt lat="50.66453" lon="15.35327">
        <ele>473.4</ele>
      </trkpt>
      <trkpt lat="50.6657" lon="15.35431">
        <ele>475.5</ele>
      </trkpt>
      <trkpt lat="50.66582" lon="15.3546">
        <ele>475.6</ele>
      </trkpt>
      <trkpt lat="50.66506" lon="15.35565">
        <ele>481.3</ele>
      </trkpt>
      <trkpt lat="50.66441" lon="15.35903">
        <ele>486.9</ele>
      </trkpt>
      <trkpt lat="50.66416" lon="15.35952">
        <ele>483.3</ele>
      </trkpt>
      <trkpt lat="50.66338" lon="15.35998">
        <ele>479.3</ele>
      </trkpt>
      <trkpt lat="50.66298" lon="15.35986">
        <ele>479.3</ele>
      </trkpt>
      <trkpt lat="50.66182" lon="15.36004">
        <ele>480.1</ele>
      </trkpt>
      <trkpt lat="50.66175" lon="15.36188">
        <ele>471.7</ele>
      </trkpt>
      <trkpt lat="50.66205" lon="15.36324">
        <ele>480.6</ele>
      </trkpt>
      <trkpt lat="50.66205" lon="15.36566">
        <ele>488.4</ele>
      </trkpt>
      <trkpt lat="50.66221" lon="15.36644">
        <ele>493.2</ele>
      </trkpt>
      <trkpt lat="50.662" lon="15.36787">
        <ele>507.9</ele>
      </trkpt>
      <trkpt lat="50.66113" lon="15.36771">
        <ele>503.2</ele>
      </trkpt>
      <trkpt lat="50.65893" lon="15.37017">
        <ele>519.6</ele>
      </trkpt>
      <trkpt lat="50.65837" lon="15.37169">
        <ele>524.1</ele>
      </trkpt>
      <trkpt lat="50.65736" lon="15.37176">
        <ele>519.1</ele>
      </trkpt>
      <trkpt lat="50.65695" lon="15.37203">
        <ele>516.5</ele>
      </trkpt>
      <trkpt lat="50.65617" lon="15.37421">
        <ele>507.0</ele>
      </trkpt>
      <trkpt lat="50.65512" lon="15.37639">
        <ele>491.3</ele>
      </trkpt>
      <trkpt lat="50.65508" lon="15.37674">
        <ele>487.0</ele>
      </trkpt>
      <trkpt lat="50.65532" lon="15.37697">
        <ele>484.5</ele>
      </trkpt>
      <trkpt lat="50.65628" lon="15.37585">
        <ele>492.7</ele>
      </trkpt>
      <trkpt lat="50.65654" lon="15.37586">
        <ele>491.4</ele>
      </trkpt>
      <trkpt lat="50.65663" lon="15.37615">
        <ele>488.8</ele>
      </trkpt>
      <trkpt lat="50.65608" lon="15.37875">
        <ele>474.1</ele>
      </trkpt>
      <trkpt lat="50.6563" lon="15.38115">
        <ele>469.5</ele>
      </trkpt>
      <trkpt lat="50.65556" lon="15.38178">
        <ele>471.5</ele>
      </trkpt>
      <trkpt lat="50.65493" lon="15.38334">
        <ele>489.7</ele>
      </trkpt>
      <trkpt lat="50.65497" lon="15.38374">
        <ele>492.6</ele>
      </trkpt>
      <trkpt lat="50.65511" lon="15.38379">
        <ele>492.6</ele>
      </trkpt>
      <trkpt lat="50.65568" lon="15.38306">
        <ele>485.7</ele>
      </trkpt>
      <trkpt lat="50.656" lon="15.38295">
        <ele>486.8</ele>
      </trkpt>
      <trkpt lat="50.65606" lon="15.38316">
        <ele>490.7</ele>
      </trkpt>
      <trkpt lat="50.65526" lon="15.38546">
        <ele>509.5</ele>
      </trkpt>
      <trkpt lat="50.65535" lon="15.38572">
        <ele>512.5</ele>
      </trkpt>
      <trkpt lat="50.65552" lon="15.38569">
        <ele>513.3</ele>
      </trkpt>
      <trkpt lat="50.65603" lon="15.38503">
        <ele>512.3</ele>
      </trkpt>
      <trkpt lat="50.65613" lon="15.38544">
        <ele>519.0</ele>
      </trkpt>
      <trkpt lat="50.65575" lon="15.38647">
        <ele>523.8</ele>
      </trkpt>
      <trkpt lat="50.65433" lon="15.38863">
        <ele>544.0</ele>
      </trkpt>
      <trkpt lat="50.65413" lon="15.38855">
        <ele>544.3</ele>
      </trkpt>
      <trkpt lat="50.65362" lon="15.38758">
        <ele>545.3</ele>
      </trkpt>
      <trkpt lat="50.65343" lon="15.38644">
        <ele>542.8</ele>
      </trkpt>
      <trkpt lat="50.65306" lon="15.38623">
        <ele>541.1</ele>
      </trkpt>
      <trkpt lat="50.65289" lon="15.38886">
        <ele>554.0</ele>
      </trkpt>
      <trkpt lat="50.65314" lon="15.38985">
        <ele>561.8</ele>
      </trkpt>
      <trkpt lat="50.65295" lon="15.39142">
        <ele>569.4</ele>
      </trkpt>
      <trkpt lat="50.65359" lon="15.39226">
        <ele>577.5</ele>
      </trkpt>
      <trkpt lat="50.6541" lon="15.39241">
        <ele>581.7</ele>
      </trkpt>
      <trkpt lat="50.65424" lon="15.39263">
        <ele>585.3</ele>
      </trkpt>
      <trkpt lat="50.65375" lon="15.39621">
        <ele>603.0</ele>
      </trkpt>
      <trkpt lat="50.65397" lon="15.39706">
        <ele>606.0</ele>
      </trkpt>
      <trkpt lat="50.65439" lon="15.39667">
        <ele>609.9</ele>
      </trkpt>
      <trkpt lat="50.65542" lon="15.39423">
        <ele>616.4</ele>
      </trkpt>
      <trkpt lat="50.65581" lon="15.39368">
        <ele>620.3</ele>
      </trkpt>
      <trkpt lat="50.65745" lon="15.39313">
        <ele>631.4</ele>
      </trkpt>
      <trkpt lat="50.65787" lon="15.39346">
        <ele>632.0</ele>
      </trkpt>
      <trkpt lat="50.65871" lon="15.39685">
        <ele>639.8</ele>
      </trkpt>
      <trkpt lat="50.65915" lon="15.39788">
        <ele>646.6</ele>
      </trkpt>
      <trkpt lat="50.65915" lon="15.39998">
        <ele>654.8</ele>
      </trkpt>
      <trkpt lat="50.65958" lon="15.40195">
        <ele>661.5</ele>
      </trkpt>
      <trkpt lat="50.66402" lon="15.40879">
        <ele>662.6</ele>
      </trkpt>
      <trkpt lat="50.66396" lon="15.40918">
        <ele>662.2</ele>
      </trkpt>
      <trkpt lat="50.66347" lon="15.40961">
        <ele>659.6</ele>
      </trkpt>
      <trkpt lat="50.66333" lon="15.41009">
        <ele>657.8</ele>
      </trkpt>
      <trkpt lat="50.6643" lon="15.4151">
        <ele>653.1</ele>
      </trkpt>
      <trkpt lat="50.66397" lon="15.41608">
        <ele>650.6</ele>
      </trkpt>
      <trkpt lat="50.66332" lon="15.41645">
        <ele>645.9</ele>
      </trkpt>
      <trkpt lat="50.66029" lon="15.41635">
        <ele>629.9</ele>
      </trkpt>
      <trkpt lat="50.65895" lon="15.41589">
        <ele>621.8</ele>
      </trkpt>
      <trkpt lat="50.65659" lon="15.41597">
        <ele>602.9</ele>
      </trkpt>
      <trkpt lat="50.65534" lon="15.41639">
        <ele>599.0</ele>
      </trkpt>
      <trkpt lat="50.65465" lon="15.41622">
        <ele>593.0</ele>
      </trkpt>
      <trkpt lat="50.6519" lon="15.4166">
        <ele>579.1</ele>
      </trkpt>
      <trkpt lat="50.6494" lon="15.41816">
        <ele>563.9</ele>
      </trkpt>
      <trkpt lat="50.64877" lon="15.42056">
        <ele>562.5</ele>
      </trkpt>
      <trkpt lat="50.64738" lon="15.42267">
        <ele>556.1</ele>
      </trkpt>
      <trkpt lat="50.64682" lon="15.42088">
        <ele>551.6</ele>
      </trkpt>
      <trkpt lat="50.64409" lon="15.42213">
        <ele>574.4</ele>
      </trkpt>
      <trkpt lat="50.64339" lon="15.42425">
        <ele>586.8</ele>
      </trkpt>
      <trkpt lat="50.64102" lon="15.42744">
        <ele>601.1</ele>
      </trkpt>
      <trkpt lat="50.64035" lon="15.42544">
        <ele>605.9</ele>
      </trkpt>
      <trkpt lat="50.63902" lon="15.4249">
        <ele>618.2</ele>
      </trkpt>
      <trkpt lat="50.63806" lon="15.42486">
        <ele>617.8</ele>
      </trkpt>
      <trkpt lat="50.63775" lon="15.42423">
        <ele>615.2</ele>
      </trkpt>
      <trkpt lat="50.63749" lon="15.42406">
        <ele>613.9</ele>
      </trkpt>
      <trkpt lat="50.63401" lon="15.42464">
        <ele>568.1</ele>
      </trkpt>
      <trkpt lat="50.63241" lon="15.42533">
        <ele>546.2</ele>
      </trkpt>
      <trkpt lat="50.63094" lon="15.42548">
        <ele>525.5</ele>
      </trkpt>
      <trkpt lat="50.6274" lon="15.42787">
        <ele>479.2</ele>
      </trkpt>
      <trkpt lat="50.62545" lon="15.42883">
        <ele>459.7</ele>
      </trkpt>
      <trkpt lat="50.6252" lon="15.43015">
        <ele>452.5</ele>
      </trkpt>
      <trkpt lat="50.62473" lon="15.43048">
        <ele>449.4</ele>
      </trkpt>
      <trkpt lat="50.62451" lon="15.43139">
        <ele>442.5</ele>
      </trkpt>
      <trkpt lat="50.62369" lon="15.43298">
        <ele>425.8</ele>
      </trkpt>
      <trkpt lat="50.62355" lon="15.4337">
        <ele>418.7</ele>
      </trkpt>
      <trkpt lat="50.62364" lon="15.43448">
        <ele>413.6</ele>
      </trkpt>
      <trkpt lat="50.62173" lon="15.43643">
        <ele>391.0</ele>
      </trkpt>
      <trkpt lat="50.6214" lon="15.43785">
        <ele>381.4</ele>
      </trkpt>
      <trkpt lat="50.62189" lon="15.43873">
        <ele>380.9</ele>
      </trkpt>
      <trkpt lat="50.62454" lon="15.44076">
        <ele>383.5</ele>
      </trkpt>
      <trkpt lat="50.62433" lon="15.44165">
        <ele>383.1</ele>
      </trkpt>
      <trkpt lat="50.62417" lon="15.44206">
        <ele>383.4</ele>
      </trkpt>
      <trkpt lat="50.62373" lon="15.44229">
        <ele>384.3</ele>
      </trkpt>
      <trkpt lat="50.62272" lon="15.44245">
        <ele>389.0</ele>
      </trkpt>
      <trkpt lat="50.62218" lon="15.44228">
        <ele>391.3</ele>
      </trkpt>
      <trkpt lat="50.62041" lon="15.44115">
        <ele>391.5</ele>
      </trkpt>
      <trkpt lat="50.62008" lon="15.44137">
        <ele>392.4</ele>
      </trkpt>
      <trkpt lat="50.61936" lon="15.44247">
        <ele>391.0</ele>
      </trkpt>
      <trkpt lat="50.61935" lon="15.44357">
        <ele>389.6</ele>
      </trkpt>
      <trkpt lat="50.61988" lon="15.44552">
        <ele>397.0</ele>
      </trkpt>
      <trkpt lat="50.61982" lon="15.44711">
        <ele>399.5</ele>
      </trkpt>
      <trkpt lat="50.6193" lon="15.44855">
        <ele>395.6</ele>
      </trkpt>
      <trkpt lat="50.6187" lon="15.45314">
        <ele>396.0</ele>
      </trkpt>
      <trkpt lat="50.61869" lon="15.45522">
        <ele>395.8</ele>
      </trkpt>
      <trkpt lat="50.61811" lon="15.45685">
        <ele>397.4</ele>
      </trkpt>
      <trkpt lat="50.61754" lon="15.45971">
        <ele>397.3</ele>
      </trkpt>
      <trkpt lat="50.61585" lon="15.46367">
        <ele>399.5</ele>
      </trkpt>
      <trkpt lat="50.61529" lon="15.46568">
        <ele>401.6</ele>
      </trkpt>
      <trkpt lat="50.61456" lon="15.46652">
        <ele>401.5</ele>
      </trkpt>
      <trkpt lat="50.61413" lon="15.46758">
        <ele>403.3</ele>
      </trkpt>
      <trkpt lat="50.61341" lon="15.46794">
        <ele>405.9</ele>
      </trkpt>
      <trkpt lat="50.61209" lon="15.46965">
        <ele>406.7</ele>
      </trkpt>
      <trkpt lat="50.61068" lon="15.47056">
        <ele>406.1</ele>
      </trkpt>
      <trkpt lat="50.60996" lon="15.47138">
        <ele>405.3</ele>
      </trkpt>
      <trkpt lat="50.60806" lon="15.47096">
        <ele>409.5</ele>
      </trkpt>
      <trkpt lat="50.60696" lon="15.46907">
        <ele>411.7</ele>
      </trkpt>
      <trkpt lat="50.60499" lon="15.46831">
        <ele>416.0</ele>
      </trkpt>
      <trkpt lat="50.60238" lon="15.46854">
        <ele>419.0</ele>
      </trkpt>
      <trkpt lat="50.60162" lon="15.46892">
        <ele>420.8</ele>
      </trkpt>
      <trkpt lat="50.60104" lon="15.46956">
        <ele>421.3</ele>
      </trkpt>
      <trkpt lat="50.60135" lon="15.47075">
        <ele>430.0</ele>
      </trkpt>
      <trkpt lat="50.6008" lon="15.47252">
        <ele>447.5</ele>
      </trkpt>
      <trkpt lat="50.60082" lon="15.47292">
        <ele>451.6</ele>
      </trkpt>
      <trkpt lat="50.60106" lon="15.47284">
        <ele>452.3</ele>
      </trkpt>
      <trkpt lat="50.6014" lon="15.47225">
        <ele>446.1</ele>
      </trkpt>
      <trkpt lat="50.60167" lon="15.47224">
        <ele>446.6</ele>
      </trkpt>
      <trkpt lat="50.60263" lon="15.4733">
        <ele>459.0</ele>
      </trkpt>
      <trkpt lat="50.60471" lon="15.4741">
        <ele>470.1</ele>
      </trkpt>
      <trkpt lat="50.60542" lon="15.4748">
        <ele>470.8</ele>
      </trkpt>
      <trkpt lat="50.60592" lon="15.47751">
        <ele>490.6</ele>
      </trkpt>
      <trkpt lat="50.60734" lon="15.48048">
        <ele>498.3</ele>
      </trkpt>
      <trkpt lat="50.60873" lon="15.48567">
        <ele>503.7</ele>
      </trkpt>
      <trkpt lat="50.60889" lon="15.487">
        <ele>506.9</ele>
      </trkpt>
      <trkpt lat="50.60916" lon="15.49277">
        <ele>494.4</ele>
      </trkpt>
      <trkpt lat="50.60903" lon="15.49434">
        <ele>486.9</ele>
      </trkpt>
      <trkpt lat="50.60656" lon="15.49981">
        <ele>483.5</ele>
      </trkpt>
      <trkpt lat="50.6062" lon="15.50125">
        <ele>482.0</ele>
      </trkpt>
      <trkpt lat="50.60644" lon="15.50405">
        <ele>474.2</ele>
      </trkpt>
      <trkpt lat="50.60653" lon="15.50899">
        <ele>456.4</ele>
      </trkpt>
      <trkpt lat="50.60671" lon="15.51">
        <ele>454.2</ele>
      </trkpt>
      <trkpt lat="50.60605" lon="15.511">
        <ele>458.9</ele>
      </trkpt>
      <trkpt lat="50.60317" lon="15.51424">
        <ele>462.4</ele>
      </trkpt>
      <trkpt lat="50.60148" lon="15.51695">
        <ele>463.1</ele>
      </trkpt>
      <trkpt lat="50.60419" lon="15.52365">
        <ele>484.5</ele>
      </trkpt>
      <trkpt lat="50.60497" lon="15.52883">
        <ele>500.6</ele>
      </trkpt>
      <trkpt lat="50.60463" lon="15.53173">
        <ele>502.8</ele>
      </trkpt>
      <trkpt lat="50.60705" lon="15.54055">
        <ele>520.5</ele>
      </trkpt>
      <trkpt lat="50.6075" lon="15.54275">
        <ele>513.3</ele>
      </trkpt>
      <trkpt lat="50.60829" lon="15.54458">
        <ele>510.9</ele>
      </trkpt>
      <trkpt lat="50.60965" lon="15.54874">
        <ele>506.4</ele>
      </trkpt>
      <trkpt lat="50.60981" lon="15.55247">
        <ele>511.1</ele>
      </trkpt>
      <trkpt lat="50.60867" lon="15.55934">
        <ele>509.2</ele>
      </trkpt>
      <trkpt lat="50.60916" lon="15.56253">
        <ele>493.8</ele>
      </trkpt>
      <trkpt lat="50.60881" lon="15.56584">
        <ele>479.4</ele>
      </trkpt>
      <trkpt lat="50.60969" lon="15.56763">
        <ele>474.7</ele>
      </trkpt>
      <trkpt lat="50.60985" lon="15.56888">
        <ele>471.0</ele>
      </trkpt>
      <trkpt lat="50.60971" lon="15.56955">
        <ele>468.6</ele>
      </trkpt>
      <trkpt lat="50.60878" lon="15.57051">
        <ele>465.8</ele>
      </trkpt>
      <trkpt lat="50.60826" lon="15.57201">
        <ele>460.1</ele>
      </trkpt>
      <trkpt lat="50.60792" lon="15.57249">
        <ele>459.5</ele>
      </trkpt>
      <trkpt lat="50.60547" lon="15.57445">
        <ele>453.9</ele>
      </trkpt>
      <trkpt lat="50.60407" lon="15.576">
        <ele>452.1</ele>
      </trkpt>
      <trkpt lat="50.6034" lon="15.57648">
        <ele>450.6</ele>
      </trkpt>
      <trkpt lat="50.60276" lon="15.57739">
        <ele>451.8</ele>
      </trkpt>
      <trkpt lat="50.60144" lon="15.57803">
        <ele>448.0</ele>
      </trkpt>
      <trkpt lat="50.60022" lon="15.57937">
        <ele>446.0</ele>
      </trkpt>
      <trkpt lat="50.59941" lon="15.58145">
        <ele>444.5</ele>
      </trkpt>
      <trkpt lat="50.59843" lon="15.58327">
        <ele>444.7</ele>
      </trkpt>
      <trkpt lat="50.59802" lon="15.58459">
        <ele>445.3</ele>
      </trkpt>
      <trkpt lat="50.59715" lon="15.58623">
        <ele>442.4</ele>
      </trkpt>
      <trkpt lat="50.59555" lon="15.58798">
        <ele>436.9</ele>
      </trkpt>
      <trkpt lat="50.59408" lon="15.59027">
        <ele>435.8</ele>
      </trkpt>
      <trkpt lat="50.59319" lon="15.59273">
        <ele>434.4</ele>
      </trkpt>
      <trkpt lat="50.59308" lon="15.594">
        <ele>433.2</ele>
      </trkpt>
      <trkpt lat="50.59228" lon="15.59366">
        <ele>430.7</ele>
      </trkpt>
      <trkpt lat="50.59162" lon="15.59468">
        <ele>429.5</ele>
      </trkpt>
      <trkpt lat="50.59111" lon="15.59597">
        <ele>429.8</ele>
      </trkpt>
      <trkpt lat="50.59079" lon="15.59743">
        <ele>429.3</ele>
      </trkpt>
      <trkpt lat="50.59114" lon="15.60257">
        <ele>424.8</ele>
      </trkpt>
      <trkpt lat="50.59106" lon="15.60387">
        <ele>425.3</ele>
      </trkpt>
      <trkpt lat="50.59039" lon="15.60672">
        <ele>425.2</ele>
      </trkpt>
      <trkpt lat="50.59033" lon="15.60771">
        <ele>425.2</ele>
      </trkpt>
      <trkpt lat="50.58958" lon="15.61036">
        <ele>425.1</ele>
      </trkpt>
      <trkpt lat="50.588" lon="15.61272">
        <ele>420.0</ele>
      </trkpt>
      <trkpt lat="50.58802" lon="15.61479">
        <ele>419.8</ele>
      </trkpt>
      <trkpt lat="50.58543" lon="15.61645">
        <ele>417.9</ele>
      </trkpt>
      <trkpt lat="50.58411" lon="15.61751">
        <ele>414.9</ele>
      </trkpt>
      <trkpt lat="50.5832" lon="15.61721">
        <ele>413.9</ele>
      </trkpt>
      <trkpt lat="50.58271" lon="15.61744">
        <ele>413.3</ele>
      </trkpt>
      <trkpt lat="50.58201" lon="15.6193">
        <ele>412.8</ele>
      </trkpt>
      <trkpt lat="50.58145" lon="15.62237">
        <ele>409.5</ele>
      </trkpt>
      <trkpt lat="50.58056" lon="15.6244">
        <ele>409.0</ele>
      </trkpt>
      <trkpt lat="50.58016" lon="15.62589">
        <ele>409.3</ele>
      </trkpt>
      <trkpt lat="50.579" lon="15.6278">
        <ele>409.5</ele>
      </trkpt>
      <trkpt lat="50.57843" lon="15.62983">
        <ele>404.4</ele>
      </trkpt>
      <trkpt lat="50.58026" lon="15.63055">
        <ele>410.8</ele>
      </trkpt>
      <trkpt lat="50.58063" lon="15.63208">
        <ele>421.3</ele>
      </trkpt>
      <trkpt lat="50.581" lon="15.6323">
        <ele>427.4</ele>
      </trkpt>
      <trkpt lat="50.58125" lon="15.63224">
        <ele>430.1</ele>
      </trkpt>
      <trkpt lat="50.58218" lon="15.63107">
        <ele>435.7</ele>
      </trkpt>
      <trkpt lat="50.58266" lon="15.63124">
        <ele>442.2</ele>
      </trkpt>
      <trkpt lat="50.58282" lon="15.63149">
        <ele>445.7</ele>
      </trkpt>
      <trkpt lat="50.58324" lon="15.63572">
        <ele>465.4</ele>
      </trkpt>
      <trkpt lat="50.58297" lon="15.63981">
        <ele>478.6</ele>
      </trkpt>
      <trkpt lat="50.5818" lon="15.64459">
        <ele>448.1</ele>
      </trkpt>
      <trkpt lat="50.5801" lon="15.65508">
        <ele>417.3</ele>
      </trkpt>
      <trkpt lat="50.57997" lon="15.65673">
        <ele>417.1</ele>
      </trkpt>
      <trkpt lat="50.58228" lon="15.66242">
        <ele>427.3</ele>
      </trkpt>
      <trkpt lat="50.58256" lon="15.66568">
        <ele>412.9</ele>
      </trkpt>
      <trkpt lat="50.5831" lon="15.6667">
        <ele>405.0</ele>
      </trkpt>
      <trkpt lat="50.58478" lon="15.66518">
        <ele>407.0</ele>
      </trkpt>
      <trkpt lat="50.58568" lon="15.66477">
        <ele>408.1</ele>
      </trkpt>
      <trkpt lat="50.58614" lon="15.66514">
        <ele>408.3</ele>
      </trkpt>
      <trkpt lat="50.58709" lon="15.6651">
        <ele>410.3</ele>
      </trkpt>
      <trkpt lat="50.58878" lon="15.66827">
        <ele>430.1</ele>
      </trkpt>
      <trkpt lat="50.58922" lon="15.6688">
        <ele>432.5</ele>
      </trkpt>
      <trkpt lat="50.59034" lon="15.66915">
        <ele>439.4</ele>
      </trkpt>
      <trkpt lat="50.59271" lon="15.66849">
        <ele>458.3</ele>
      </trkpt>
      <trkpt lat="50.5933" lon="15.6684">
        <ele>463.8</ele>
      </trkpt>
      <trkpt lat="50.59399" lon="15.66854">
        <ele>468.6</ele>
      </trkpt>
      <trkpt lat="50.59495" lon="15.66927">
        <ele>477.2</ele>
      </trkpt>
      <trkpt lat="50.59994" lon="15.67445">
        <ele>485.3</ele>
      </trkpt>
      <trkpt lat="50.59889" lon="15.67844">
        <ele>492.1</ele>
      </trkpt>
      <trkpt lat="50.59836" lon="15.6815">
        <ele>484.5</ele>
      </trkpt>
      <trkpt lat="50.59686" lon="15.68475">
        <ele>458.8</ele>
      </trkpt>
      <trkpt lat="50.59645" lon="15.68724">
        <ele>436.2</ele>
      </trkpt>
      <trkpt lat="50.59799" lon="15.69139">
        <ele>440.3</ele>
      </trkpt>
      <trkpt lat="50.59827" lon="15.69324">
        <ele>442.6</ele>
      </trkpt>
      <trkpt lat="50.60135" lon="15.69716">
        <ele>455.1</ele>
      </trkpt>
      <trkpt lat="50.60198" lon="15.69843">
        <ele>456.9</ele>
      </trkpt>
      <trkpt lat="50.60444" lon="15.70228">
        <ele>463.5</ele>
      </trkpt>
      <trkpt lat="50.60796" lon="15.70608">
        <ele>478.3</ele>
      </trkpt>
      <trkpt lat="50.61164" lon="15.70697">
        <ele>488.9</ele>
      </trkpt>
      <trkpt lat="50.61489" lon="15.70714">
        <ele>497.2</ele>
      </trkpt>
      <trkpt lat="50.61645" lon="15.70767">
        <ele>511.6</ele>
      </trkpt>
      <trkpt lat="50.61782" lon="15.7089">
        <ele>516.6</ele>
      </trkpt>
      <trkpt lat="50.61879" lon="15.70911">
        <ele>516.1</ele>
      </trkpt>
      <trkpt lat="50.62008" lon="15.71018">
        <ele>516.0</ele>
      </trkpt>
      <trkpt lat="50.62084" lon="15.71025">
        <ele>518.9</ele>
      </trkpt>
      <trkpt lat="50.62187" lon="15.71071">
        <ele>528.1</ele>
      </trkpt>
      <trkpt lat="50.62277" lon="15.71143">
        <ele>533.2</ele>
      </trkpt>
      <trkpt lat="50.62383" lon="15.71184">
        <ele>537.7</ele>
      </trkpt>
      <trkpt lat="50.62552" lon="15.71325">
        <ele>546.7</ele>
      </trkpt>
      <trkpt lat="50.62692" lon="15.71323">
        <ele>549.4</ele>
      </trkpt>
      <trkpt lat="50.62823" lon="15.71233">
        <ele>567.3</ele>
      </trkpt>
      <trkpt lat="50.63018" lon="15.71228">
        <ele>568.6</ele>
      </trkpt>
      <trkpt lat="50.63095" lon="15.71191">
        <ele>571.0</ele>
      </trkpt>
      <trkpt lat="50.63292" lon="15.71142">
        <ele>579.7</ele>
      </trkpt>
      <trkpt lat="50.63385" lon="15.71108">
        <ele>586.3</ele>
      </trkpt>
      <trkpt lat="50.63454" lon="15.71037">
        <ele>591.4</ele>
      </trkpt>
      <trkpt lat="50.63707" lon="15.7116">
        <ele>607.5</ele>
      </trkpt>
      <trkpt lat="50.6372" lon="15.71244">
        <ele>613.4</ele>
      </trkpt>
      <trkpt lat="50.63739" lon="15.71263">
        <ele>615.9</ele>
      </trkpt>
      <trkpt lat="50.6382" lon="15.71255">
        <ele>624.9</ele>
      </trkpt>
      <trkpt lat="50.63903" lon="15.71214">
        <ele>633.2</ele>
      </trkpt>
      <trkpt lat="50.64055" lon="15.71236">
        <ele>656.1</ele>
      </trkpt>
      <trkpt lat="50.6417" lon="15.71313">
        <ele>655.9</ele>
      </trkpt>
      <trkpt lat="50.64255" lon="15.71337">
        <ele>658.8</ele>
      </trkpt>
      <trkpt lat="50.64488" lon="15.71261">
        <ele>697.8</ele>
      </trkpt>
      <trkpt lat="50.64618" lon="15.71158">
        <ele>706.0</ele>
      </trkpt>
      <trkpt lat="50.64706" lon="15.71124">
        <ele>723.4</ele>
      </trkpt>
      <trkpt lat="50.64882" lon="15.71187">
        <ele>742.5</ele>
      </trkpt>
      <trkpt lat="50.64929" lon="15.71235">
        <ele>749.5</ele>
      </trkpt>
      <trkpt lat="50.64947" lon="15.71301">
        <ele>746.0</ele>
      </trkpt>
      <trkpt lat="50.64989" lon="15.71344">
        <ele>742.3</ele>
      </trkpt>
      <trkpt lat="50.65019" lon="15.7135">
        <ele>747.9</ele>
      </trkpt>
      <trkpt lat="50.651" lon="15.713">
        <ele>768.7</ele>
      </trkpt>
      <trkpt lat="50.65239" lon="15.7106">
        <ele>794.3</ele>
      </trkpt>
      <trkpt lat="50.65368" lon="15.70924">
        <ele>817.9</ele>
      </trkpt>
      <trkpt lat="50.65404" lon="15.70654">
        <ele>831.7</ele>
      </trkpt>
      <trkpt lat="50.65439" lon="15.70634">
        <ele>838.7</ele>
      </trkpt>
      <trkpt lat="50.65606" lon="15.70637">
        <ele>869.5</ele>
      </trkpt>
      <trkpt lat="50.65748" lon="15.70747">
        <ele>881.1</ele>
      </trkpt>
      <trkpt lat="50.65924" lon="15.71076">
        <ele>917.2</ele>
      </trkpt>
      <trkpt lat="50.66053" lon="15.71146">
        <ele>917.3</ele>
      </trkpt>
      <trkpt lat="50.66236" lon="15.71374">
        <ele>943.5</ele>
      </trkpt>
      <trkpt lat="50.66367" lon="15.71483">
        <ele>953.6</ele>
      </trkpt>
      <trkpt lat="50.66424" lon="15.71633">
        <ele>970.9</ele>
      </trkpt>
      <trkpt lat="50.66458" lon="15.718">
        <ele>987.1</ele>
      </trkpt>
      <trkpt lat="50.6649" lon="15.71798">
        <ele>993.3</ele>
      </trkpt>
      <trkpt lat="50.6658" lon="15.71684">
        <ele>1011.7</ele>
      </trkpt>
      <trkpt lat="50.66683" lon="15.71682">
        <ele>1028.9</ele>
      </trkpt>
      <trkpt lat="50.66715" lon="15.71713">
        <ele>1033.0</ele>
      </trkpt>
      <trkpt lat="50.66753" lon="15.7182">
        <ele>1044.1</ele>
      </trkpt>
      <trkpt lat="50.66891" lon="15.72084">
        <ele>1078.2</ele>
      </trkpt>
      <trkpt lat="50.66921" lon="15.7231">
        <ele>1087.5</ele>
      </trkpt>
      <trkpt lat="50.66917" lon="15.72426">
        <ele>1089.1</ele>
      </trkpt>
      <trkpt lat="50.66953" lon="15.72578">
        <ele>1092.5</ele>
      </trkpt>
      <trkpt lat="50.67022" lon="15.72726">
        <ele>1101.2</ele>
      </trkpt>
      <trkpt lat="50.6701" lon="15.73037">
        <ele>1118.5</ele>
      </trkpt>
      <trkpt lat="50.67081" lon="15.73071">
        <ele>1124.2</ele>
      </trkpt>
      <trkpt lat="50.6712" lon="15.72813">
        <ele>1105.0</ele>
      </trkpt>
      <trkpt lat="50.67276" lon="15.72657">
        <ele>1084.8</ele>
      </trkpt>
      <trkpt lat="50.67322" lon="15.72552">
        <ele>1076.4</ele>
      </trkpt>
      <trkpt lat="50.67356" lon="15.72704">
        <ele>1074.5</ele>
      </trkpt>
      <trkpt lat="50.67388" lon="15.7276">
        <ele>1074.1</ele>
      </trkpt>
      <trkpt lat="50.67561" lon="15.72785">
        <ele>1045.1</ele>
      </trkpt>
      <trkpt lat="50.67774" lon="15.72745">
        <ele>1010.9</ele>
      </trkpt>
      <trkpt lat="50.68269" lon="15.72541">
        <ele>937.4</ele>
      </trkpt>
      <trkpt lat="50.68304" lon="15.72571">
        <ele>931.9</ele>
      </trkpt>
      <trkpt lat="50.68312" lon="15.72705">
        <ele>929.7</ele>
      </trkpt>
      <trkpt lat="50.68335" lon="15.72735">
        <ele>926.8</ele>
      </trkpt>
      <trkpt lat="50.68417" lon="15.72744">
        <ele>912.6</ele>
      </trkpt>
      <trkpt lat="50.68483" lon="15.72731">
        <ele>898.8</ele>
      </trkpt>
      <trkpt lat="50.68683" lon="15.72807">
        <ele>867.2</ele>
      </trkpt>
      <trkpt lat="50.68749" lon="15.72785">
        <ele>845.7</ele>
      </trkpt>
      <trkpt lat="50.68831" lon="15.72721">
        <ele>834.0</ele>
      </trkpt>
      <trkpt lat="50.68893" lon="15.72797">
        <ele>827.0</ele>
      </trkpt>
      <trkpt lat="50.69007" lon="15.72901">
        <ele>820.4</ele>
      </trkpt>
      <trkpt lat="50.69078" lon="15.7294">
        <ele>808.7</ele>
      </trkpt>
      <trkpt lat="50.69167" lon="15.73038">
        <ele>803.1</ele>
      </trkpt>
      <trkpt lat="50.69315" lon="15.73268">
        <ele>796.6</ele>
      </trkpt>
      <trkpt lat="50.69414" lon="15.73373">
        <ele>786.9</ele>
      </trkpt>
      <trkpt lat="50.6947" lon="15.73512">
        <ele>786.6</ele>
      </trkpt>
      <trkpt lat="50.6954" lon="15.73799">
        <ele>784.2</ele>
      </trkpt>
      <trkpt lat="50.6954" lon="15.74032">
        <ele>780.2</ele>
      </trkpt>
      <trkpt lat="50.69561" lon="15.74049">
        <ele>779.1</ele>
      </trkpt>
      <trkpt lat="50.69593" lon="15.74306">
        <ele>809.0</ele>
      </trkpt>
      <trkpt lat="50.69597" lon="15.74399">
        <ele>823.4</ele>
      </trkpt>
      <trkpt lat="50.69481" lon="15.74641">
        <ele>813.1</ele>
      </trkpt>
      <trkpt lat="50.69373" lon="15.75034">
        <ele>821.9</ele>
      </trkpt>
      <trkpt lat="50.69384" lon="15.75386">
        <ele>857.1</ele>
      </trkpt>
      <trkpt lat="50.69422" lon="15.75615">
        <ele>883.4</ele>
      </trkpt>
      <trkpt lat="50.69464" lon="15.75676">
        <ele>893.9</ele>
      </trkpt>
      <trkpt lat="50.69527" lon="15.75716">
        <ele>904.2</ele>
      </trkpt>
      <trkpt lat="50.69569" lon="15.75721">
        <ele>916.4</ele>
      </trkpt>
      <trkpt lat="50.69656" lon="15.75857">
        <ele>923.1</ele>
      </trkpt>
      <trkpt lat="50.69747" lon="15.75924">
        <ele>934.2</ele>
      </trkpt>
      <trkpt lat="50.69822" lon="15.76012">
        <ele>933.4</ele>
      </trkpt>
      <trkpt lat="50.69854" lon="15.76082">
        <ele>947.4</ele>
      </trkpt>
      <trkpt lat="50.69841" lon="15.76106">
        <ele>947.0</ele>
      </trkpt>
      <trkpt lat="50.69711" lon="15.76102">
        <ele>918.0</ele>
      </trkpt>
      <trkpt lat="50.69615" lon="15.76208">
        <ele>903.3</ele>
      </trkpt>
      <trkpt lat="50.69622" lon="15.76405">
        <ele>900.4</ele>
      </trkpt>
      <trkpt lat="50.69765" lon="15.7688">
        <ele>902.7</ele>
      </trkpt>
      <trkpt lat="50.69668" lon="15.77048">
        <ele>895.2</ele>
      </trkpt>
      <trkpt lat="50.69627" lon="15.77193">
        <ele>891.6</ele>
      </trkpt>
      <trkpt lat="50.69616" lon="15.77412">
        <ele>896.0</ele>
      </trkpt>
      <trkpt lat="50.69531" lon="15.78108">
        <ele>912.3</ele>
      </trkpt>
      <trkpt lat="50.69482" lon="15.78245">
        <ele>915.0</ele>
      </trkpt>
      <trkpt lat="50.69252" lon="15.78564">
        <ele>923.0</ele>
      </trkpt>
      <trkpt lat="50.69183" lon="15.78718">
        <ele>924.2</ele>
      </trkpt>
      <trkpt lat="50.69144" lon="15.78916">
        <ele>917.0</ele>
      </trkpt>
      <trkpt lat="50.69163" lon="15.79086">
        <ele>914.6</ele>
      </trkpt>
      <trkpt lat="50.69206" lon="15.79213">
        <ele>917.3</ele>
      </trkpt>
      <trkpt lat="50.69355" lon="15.79355">
        <ele>909.5</ele>
      </trkpt>
      <trkpt lat="50.69544" lon="15.79484">
        <ele>897.6</ele>
      </trkpt>
      <trkpt lat="50.69693" lon="15.79656">
        <ele>866.7</ele>
      </trkpt>
      <trkpt lat="50.69962" lon="15.79888">
        <ele>827.6</ele>
      </trkpt>
      <trkpt lat="50.70128" lon="15.80123">
        <ele>803.9</ele>
      </trkpt>
      <trkpt lat="50.70387" lon="15.80354">
        <ele>798.4</ele>
      </trkpt>
      <trkpt lat="50.70555" lon="15.80544">
        <ele>789.0</ele>
      </trkpt>
      <trkpt lat="50.70617" lon="15.80521">
        <ele>785.4</ele>
      </trkpt>
      <trkpt lat="50.70658" lon="15.80578">
        <ele>778.8</ele>
      </trkpt>
      <trkpt lat="50.70762" lon="15.80421">
        <ele>790.1</ele>
      </trkpt>
      <trkpt lat="50.70882" lon="15.80113">
        <ele>806.9</ele>
      </trkpt>
      <trkpt lat="50.70885" lon="15.80026">
        <ele>808.2</ele>
      </trkpt>
      <trkpt lat="50.70936" lon="15.79801">
        <ele>821.3</ele>
      </trkpt>
      <trkpt lat="50.70963" lon="15.7936">
        <ele>842.6</ele>
      </trkpt>
      <trkpt lat="50.70867" lon="15.78509">
        <ele>861.5</ele>
      </trkpt>
      <trkpt lat="50.70886" lon="15.78375">
        <ele>866.8</ele>
      </trkpt>
      <trkpt lat="50.70933" lon="15.78335">
        <ele>870.6</ele>
      </trkpt>
      <trkpt lat="50.70967" lon="15.78274">
        <ele>876.9</ele>
      </trkpt>
      <trkpt lat="50.71089" lon="15.78166">
        <ele>879.2</ele>
      </trkpt>
      <trkpt lat="50.71165" lon="15.78028">
        <ele>888.7</ele>
      </trkpt>
      <trkpt lat="50.71346" lon="15.77824">
        <ele>902.6</ele>
      </trkpt>
      <trkpt lat="50.71532" lon="15.77679">
        <ele>919.3</ele>
      </trkpt>
      <trkpt lat="50.71957" lon="15.77194">
        <ele>954.3</ele>
      </trkpt>
      <trkpt lat="50.72015" lon="15.7719">
        <ele>960.1</ele>
      </trkpt>
      <trkpt lat="50.7232" lon="15.77079">
        <ele>1004.6</ele>
      </trkpt>
      <trkpt lat="50.72418" lon="15.76952">
        <ele>1009.9</ele>
      </trkpt>
      <trkpt lat="50.72485" lon="15.76895">
        <ele>1017.2</ele>
      </trkpt>
      <trkpt lat="50.72509" lon="15.76897">
        <ele>1019.5</ele>
      </trkpt>
      <trkpt lat="50.72586" lon="15.76965">
        <ele>1026.0</ele>
      </trkpt>
      <trkpt lat="50.72703" lon="15.76981">
        <ele>1035.7</ele>
      </trkpt>
      <trkpt lat="50.72746" lon="15.76967">
        <ele>1043.0</ele>
      </trkpt>
      <trkpt lat="50.72789" lon="15.76833">
        <ele>1042.9</ele>
      </trkpt>
      <trkpt lat="50.728" lon="15.76727">
        <ele>1049.0</ele>
      </trkpt>
      <trkpt lat="50.72859" lon="15.76617">
        <ele>1054.8</ele>
      </trkpt>
      <trkpt lat="50.72979" lon="15.76478">
        <ele>1071.0</ele>
      </trkpt>
      <trkpt lat="50.72999" lon="15.7639">
        <ele>1075.0</ele>
      </trkpt>
      <trkpt lat="50.73017" lon="15.76383">
        <ele>1079.0</ele>
      </trkpt>
      <trkpt lat="50.73019" lon="15.76415">
        <ele>1080.4</ele>
      </trkpt>
      <trkpt lat="50.72905" lon="15.76761">
        <ele>1072.2</ele>
      </trkpt>
      <trkpt lat="50.72923" lon="15.76824">
        <ele>1083.4</ele>
      </trkpt>
      <trkpt lat="50.73007" lon="15.76955">
        <ele>1111.5</ele>
      </trkpt>
      <trkpt lat="50.73037" lon="15.77057">
        <ele>1125.1</ele>
      </trkpt>
      <trkpt lat="50.7304" lon="15.7714">
        <ele>1128.6</ele>
      </trkpt>
      <trkpt lat="50.73011" lon="15.77227">
        <ele>1127.8</ele>
      </trkpt>
      <trkpt lat="50.72936" lon="15.77282">
        <ele>1133.3</ele>
      </trkpt>
      <trkpt lat="50.72839" lon="15.77266">
        <ele>1136.3</ele>
      </trkpt>
      <trkpt lat="50.72745" lon="15.77307">
        <ele>1140.3</ele>
      </trkpt>
      <trkpt lat="50.72663" lon="15.77307">
        <ele>1132.7</ele>
      </trkpt>
      <trkpt lat="50.72579" lon="15.77283">
        <ele>1122.5</ele>
      </trkpt>
      <trkpt lat="50.72485" lon="15.77482">
        <ele>1131.4</ele>
      </trkpt>
      <trkpt lat="50.72388" lon="15.77588">
        <ele>1132.9</ele>
      </trkpt>
      <trkpt lat="50.72291" lon="15.77622">
        <ele>1131.3</ele>
      </trkpt>
      <trkpt lat="50.71822" lon="15.77987">
        <ele>1112.3</ele>
      </trkpt>
      <trkpt lat="50.71687" lon="15.78207">
        <ele>1098.7</ele>
      </trkpt>
      <trkpt lat="50.71592" lon="15.78312">
        <ele>1078.8</ele>
      </trkpt>
      <trkpt lat="50.71546" lon="15.78433">
        <ele>1071.7</ele>
      </trkpt>
      <trkpt lat="50.71516" lon="15.78541">
        <ele>1066.7</ele>
      </trkpt>
      <trkpt lat="50.71504" lon="15.78674">
        <ele>1061.3</ele>
      </trkpt>
      <trkpt lat="50.7153" lon="15.78905">
        <ele>1064.1</ele>
      </trkpt>
      <trkpt lat="50.71589" lon="15.79036">
        <ele>1061.0</ele>
      </trkpt>
      <trkpt lat="50.71682" lon="15.79114">
        <ele>1059.5</ele>
      </trkpt>
      <trkpt lat="50.71743" lon="15.79143">
        <ele>1058.8</ele>
      </trkpt>
      <trkpt lat="50.71844" lon="15.79147">
        <ele>1056.9</ele>
      </trkpt>
      <trkpt lat="50.71928" lon="15.79114">
        <ele>1054.6</ele>
      </trkpt>
      <trkpt lat="50.71993" lon="15.79072">
        <ele>1055.8</ele>
      </trkpt>
      <trkpt lat="50.72175" lon="15.78815">
        <ele>1074.6</ele>
      </trkpt>
      <trkpt lat="50.72241" lon="15.78765">
        <ele>1074.8</ele>
      </trkpt>
      <trkpt lat="50.72311" lon="15.78738">
        <ele>1073.9</ele>
      </trkpt>
      <trkpt lat="50.72481" lon="15.78737">
        <ele>1061.2</ele>
      </trkpt>
      <trkpt lat="50.72506" lon="15.78716">
        <ele>1060.4</ele>
      </trkpt>
      <trkpt lat="50.72531" lon="15.78636">
        <ele>1061.3</ele>
      </trkpt>
      <trkpt lat="50.72513" lon="15.78479">
        <ele>1069.1</ele>
      </trkpt>
      <trkpt lat="50.72531" lon="15.78383">
        <ele>1069.5</ele>
      </trkpt>
      <trkpt lat="50.72654" lon="15.78263">
        <ele>1064.8</ele>
      </trkpt>
      <trkpt lat="50.72727" lon="15.7824">
        <ele>1069.7</ele>
      </trkpt>
      <trkpt lat="50.72788" lon="15.78244">
        <ele>1074.0</ele>
      </trkpt>
      <trkpt lat="50.72812" lon="15.78268">
        <ele>1072.9</ele>
      </trkpt>
      <trkpt lat="50.72839" lon="15.78431">
        <ele>1060.8</ele>
      </trkpt>
      <trkpt lat="50.72934" lon="15.78674">
        <ele>1048.6</ele>
      </trkpt>
      <trkpt lat="50.72993" lon="15.78661">
        <ele>1048.6</ele>
      </trkpt>
      <trkpt lat="50.73051" lon="15.78538">
        <ele>1046.0</ele>
      </trkpt>
      <trkpt lat="50.73118" lon="15.78459">
        <ele>1043.1</ele>
      </trkpt>
      <trkpt lat="50.73269" lon="15.78485">
        <ele>1024.1</ele>
      </trkpt>
      <trkpt lat="50.7331" lon="15.78455">
        <ele>1026.1</ele>
      </trkpt>
      <trkpt lat="50.7333" lon="15.78412">
        <ele>1034.7</ele>
      </trkpt>
      <trkpt lat="50.73349" lon="15.78405">
        <ele>1031.9</ele>
      </trkpt>
      <trkpt lat="50.73369" lon="15.78423">
        <ele>1028.6</ele>
      </trkpt>
      <trkpt lat="50.73498" lon="15.78609">
        <ele>1017.0</ele>
      </trkpt>
      <trkpt lat="50.73536" lon="15.78905">
        <ele>986.7</ele>
      </trkpt>
      <trkpt lat="50.73484" lon="15.79417">
        <ele>935.3</ele>
      </trkpt>
      <trkpt lat="50.73432" lon="15.79491">
        <ele>927.3</ele>
      </trkpt>
      <trkpt lat="50.73374" lon="15.79515">
        <ele>930.5</ele>
      </trkpt>
      <trkpt lat="50.73464" lon="15.79585">
        <ele>931.3</ele>
      </trkpt>
      <trkpt lat="50.73689" lon="15.79944">
        <ele>952.3</ele>
      </trkpt>
      <trkpt lat="50.73806" lon="15.80161">
        <ele>961.7</ele>
      </trkpt>
      <trkpt lat="50.73823" lon="15.80223">
        <ele>964.1</ele>
      </trkpt>
      <trkpt lat="50.7381" lon="15.80286">
        <ele>966.5</ele>
      </trkpt>
      <trkpt lat="50.73777" lon="15.80315">
        <ele>968.8</ele>
      </trkpt>
      <trkpt lat="50.73753" lon="15.80314">
        <ele>969.3</ele>
      </trkpt>
      <trkpt lat="50.73637" lon="15.80152">
        <ele>976.5</ele>
      </trkpt>
      <trkpt lat="50.7359" lon="15.80138">
        <ele>980.2</ele>
      </trkpt>
      <trkpt lat="50.73565" lon="15.80154">
        <ele>983.4</ele>
      </trkpt>
      <trkpt lat="50.73523" lon="15.80302">
        <ele>986.6</ele>
      </trkpt>
      <trkpt lat="50.73542" lon="15.8043">
        <ele>985.3</ele>
      </trkpt>
      <trkpt lat="50.7369" lon="15.80674">
        <ele>989.3</ele>
      </trkpt>
      <trkpt lat="50.73744" lon="15.80727">
        <ele>992.6</ele>
      </trkpt>
      <trkpt lat="50.73977" lon="15.80863">
        <ele>995.9</ele>
      </trkpt>
      <trkpt lat="50.74131" lon="15.81103">
        <ele>1006.3</ele>
      </trkpt>
      <trkpt lat="50.74383" lon="15.81573">
        <ele>1023.3</ele>
      </trkpt>
      <trkpt lat="50.74389" lon="15.81653">
        <ele>1024.3</ele>
      </trkpt>
      <trkpt lat="50.74367" lon="15.81826">
        <ele>1030.8</ele>
      </trkpt>
      <trkpt lat="50.74383" lon="15.8192">
        <ele>1033.5</ele>
      </trkpt>
      <trkpt lat="50.74602" lon="15.82232">
        <ele>1049.0</ele>
      </trkpt>
      <trkpt lat="50.74688" lon="15.82314">
        <ele>1050.0</ele>
      </trkpt>
      <trkpt lat="50.74694" lon="15.82439">
        <ele>1045.6</ele>
      </trkpt>
      <trkpt lat="50.74812" lon="15.82711">
        <ele>1029.3</ele>
      </trkpt>
      <trkpt lat="50.74842" lon="15.82867">
        <ele>1026.4</ele>
      </trkpt>
      <trkpt lat="50.74819" lon="15.83437">
        <ele>1000.8</ele>
      </trkpt>
      <trkpt lat="50.7479" lon="15.83576">
        <ele>989.2</ele>
      </trkpt>
      <trkpt lat="50.74741" lon="15.8363">
        <ele>986.7</ele>
      </trkpt>
      <trkpt lat="50.74739" lon="15.83679">
        <ele>978.1</ele>
      </trkpt>
      <trkpt lat="50.74769" lon="15.83696">
        <ele>974.2</ele>
      </trkpt>
      <trkpt lat="50.7485" lon="15.83596">
        <ele>978.0</ele>
      </trkpt>
      <trkpt lat="50.74952" lon="15.83554">
        <ele>968.7</ele>
      </trkpt>
      <trkpt lat="50.74989" lon="15.83451">
        <ele>966.4</ele>
      </trkpt>
      <trkpt lat="50.75009" lon="15.83473">
        <ele>962.3</ele>
      </trkpt>
      <trkpt lat="50.75027" lon="15.83561">
        <ele>956.7</ele>
      </trkpt>
      <trkpt lat="50.7499" lon="15.83638">
        <ele>955.9</ele>
      </trkpt>
      <trkpt lat="50.74901" lon="15.83703">
        <ele>956.1</ele>
      </trkpt>
      <trkpt lat="50.74877" lon="15.83966">
        <ele>930.8</ele>
      </trkpt>
      <trkpt lat="50.74829" lon="15.84107">
        <ele>927.7</ele>
      </trkpt>
      <trkpt lat="50.74856" lon="15.84271">
        <ele>917.1</ele>
      </trkpt>
      <trkpt lat="50.74797" lon="15.84407">
        <ele>913.3</ele>
      </trkpt>
      <trkpt lat="50.74775" lon="15.85045">
        <ele>899.3</ele>
      </trkpt>
      <trkpt lat="50.74792" lon="15.85355">
        <ele>906.6</ele>
      </trkpt>
      <trkpt lat="50.74769" lon="15.85376">
        <ele>900.2</ele>
      </trkpt>
      <trkpt lat="50.74744" lon="15.85348">
        <ele>892.1</ele>
      </trkpt>
      <trkpt lat="50.74742" lon="15.85242">
        <ele>889.5</ele>
      </trkpt>
      <trkpt lat="50.74667" lon="15.85074">
        <ele>876.0</ele>
      </trkpt>
      <trkpt lat="50.74665" lon="15.84916">
        <ele>875.5</ele>
      </trkpt>
      <trkpt lat="50.74641" lon="15.849">
        <ele>868.4</ele>
      </trkpt>
      <trkpt lat="50.74626" lon="15.84933">
        <ele>864.7</ele>
      </trkpt>
      <trkpt lat="50.74639" lon="15.85002">
        <ele>869.1</ele>
      </trkpt>
      <trkpt lat="50.74618" lon="15.85126">
        <ele>867.4</ele>
      </trkpt>
      <trkpt lat="50.74637" lon="15.85342">
        <ele>865.7</ele>
      </trkpt>
      <trkpt lat="50.74589" lon="15.85654">
        <ele>844.3</ele>
      </trkpt>
      <trkpt lat="50.74616" lon="15.85901">
        <ele>832.2</ele>
      </trkpt>
      <trkpt lat="50.74674" lon="15.86093">
        <ele>818.7</ele>
      </trkpt>
      <trkpt lat="50.74734" lon="15.86191">
        <ele>812.7</ele>
      </trkpt>
      <trkpt lat="50.74826" lon="15.86265">
        <ele>810.8</ele>
      </trkpt>
      <trkpt lat="50.7487" lon="15.86417">
        <ele>799.0</ele>
      </trkpt>
      <trkpt lat="50.74793" lon="15.86308">
        <ele>799.9</ele>
      </trkpt>
      <trkpt lat="50.74658" lon="15.86261">
        <ele>789.2</ele>
      </trkpt>
      <trkpt lat="50.74515" lon="15.86146">
        <ele>777.5</ele>
      </trkpt>
      <trkpt lat="50.744" lon="15.85552">
        <ele>773.8</ele>
      </trkpt>
      <trkpt lat="50.74384" lon="15.85497">
        <ele>776.2</ele>
      </trkpt>
      <trkpt lat="50.74351" lon="15.8549">
        <ele>776.4</ele>
      </trkpt>
      <trkpt lat="50.7428" lon="15.85828">
        <ele>760.1</ele>
      </trkpt>
      <trkpt lat="50.74231" lon="15.85956">
        <ele>747.5</ele>
      </trkpt>
      <trkpt lat="50.74023" lon="15.86194">
        <ele>737.2</ele>
      </trkpt>
      <trkpt lat="50.74047" lon="15.86222">
        <ele>730.7</ele>
      </trkpt>
      <trkpt lat="50.74101" lon="15.86161">
        <ele>733.9</ele>
      </trkpt>
      <trkpt lat="50.74181" lon="15.86123">
        <ele>730.1</ele>
      </trkpt>
      <trkpt lat="50.74247" lon="15.86053">
        <ele>729.5</ele>
      </trkpt>
      <trkpt lat="50.74268" lon="15.86058">
        <ele>726.6</ele>
      </trkpt>
      <trkpt lat="50.74289" lon="15.86117">
        <ele>719.9</ele>
      </trkpt>
      <trkpt lat="50.74296" lon="15.86244">
        <ele>715.6</ele>
      </trkpt>
      <trkpt lat="50.74267" lon="15.86361">
        <ele>713.3</ele>
      </trkpt>
      <trkpt lat="50.74187" lon="15.86484">
        <ele>712.2</ele>
      </trkpt>
      <trkpt lat="50.7399" lon="15.86683">
        <ele>693.3</ele>
      </trkpt>
      <trkpt lat="50.73849" lon="15.8688">
        <ele>681.8</ele>
      </trkpt>
      <trkpt lat="50.73791" lon="15.86993">
        <ele>676.8</ele>
      </trkpt>
      <trkpt lat="50.73756" lon="15.87154">
        <ele>670.8</ele>
      </trkpt>
      <trkpt lat="50.73693" lon="15.87323">
        <ele>667.6</ele>
      </trkpt>
      <trkpt lat="50.73346" lon="15.87673">
        <ele>640.7</ele>
      </trkpt>
      <trkpt lat="50.73206" lon="15.87879">
        <ele>635.6</ele>
      </trkpt>
      <trkpt lat="50.73118" lon="15.88285">
        <ele>639.0</ele>
      </trkpt>
      <trkpt lat="50.73088" lon="15.88356">
        <ele>630.7</ele>
      </trkpt>
      <trkpt lat="50.7285" lon="15.88753">
        <ele>617.7</ele>
      </trkpt>
      <trkpt lat="50.72619" lon="15.89244">
        <ele>598.0</ele>
      </trkpt>
      <trkpt lat="50.72564" lon="15.89343">
        <ele>593.1</ele>
      </trkpt>
      <trkpt lat="50.7243" lon="15.89497">
        <ele>588.4</ele>
      </trkpt>
      <trkpt lat="50.72231" lon="15.89782">
        <ele>581.7</ele>
      </trkpt>
      <trkpt lat="50.72126" lon="15.89874">
        <ele>578.8</ele>
      </trkpt>
      <trkpt lat="50.71962" lon="15.90234">
        <ele>575.3</ele>
      </trkpt>
      <trkpt lat="50.71964" lon="15.90296">
        <ele>574.9</ele>
      </trkpt>
      <trkpt lat="50.71911" lon="15.90477">
        <ele>573.8</ele>
      </trkpt>
      <trkpt lat="50.7186" lon="15.90853">
        <ele>571.6</ele>
      </trkpt>
      <trkpt lat="50.71847" lon="15.91085">
        <ele>571.2</ele>
      </trkpt>
      <trkpt lat="50.71877" lon="15.91446">
        <ele>564.7</ele>
      </trkpt>
      <trkpt lat="50.71788" lon="15.91892">
        <ele>554.3</ele>
      </trkpt>
      <trkpt lat="50.71791" lon="15.92179">
        <ele>550.9</ele>
      </trkpt>
      <trkpt lat="50.71716" lon="15.92366">
        <ele>548.4</ele>
      </trkpt>
      <trkpt lat="50.71589" lon="15.92549">
        <ele>546.3</ele>
      </trkpt>
      <trkpt lat="50.71521" lon="15.92746">
        <ele>544.1</ele>
      </trkpt>
      <trkpt lat="50.71428" lon="15.92856">
        <ele>542.0</ele>
      </trkpt>
      <trkpt lat="50.7132" lon="15.9288">
        <ele>543.7</ele>
      </trkpt>
      <trkpt lat="50.71107" lon="15.92762">
        <ele>547.4</ele>
      </trkpt>
      <trkpt lat="50.7081" lon="15.92449">
        <ele>542.1</ele>
      </trkpt>
      <trkpt lat="50.70778" lon="15.92433">
        <ele>541.8</ele>
      </trkpt>
      <trkpt lat="50.70718" lon="15.92419">
        <ele>541.2</ele>
      </trkpt>
      <trkpt lat="50.70342" lon="15.92453">
        <ele>536.6</ele>
      </trkpt>
      <trkpt lat="50.70271" lon="15.92479">
        <ele>536.3</ele>
      </trkpt>
      <trkpt lat="50.70218" lon="15.92526">
        <ele>536.5</ele>
      </trkpt>
      <trkpt lat="50.69772" lon="15.93102">
        <ele>569.2</ele>
      </trkpt>
      <trkpt lat="50.69709" lon="15.93229">
        <ele>580.4</ele>
      </trkpt>
      <trkpt lat="50.69701" lon="15.93417">
        <ele>591.0</ele>
      </trkpt>
      <trkpt lat="50.69826" lon="15.93805">
        <ele>607.5</ele>
      </trkpt>
      <trkpt lat="50.69841" lon="15.93897">
        <ele>604.8</ele>
      </trkpt>
      <trkpt lat="50.69838" lon="15.94073">
        <ele>594.9</ele>
      </trkpt>
      <trkpt lat="50.6976" lon="15.94698">
        <ele>560.8</ele>
      </trkpt>
      <trkpt lat="50.69736" lon="15.95324">
        <ele>535.9</ele>
      </trkpt>
      <trkpt lat="50.69813" lon="15.95553">
        <ele>533.8</ele>
      </trkpt>
      <trkpt lat="50.69867" lon="15.95648">
        <ele>530.1</ele>
      </trkpt>
      <trkpt lat="50.70448" lon="15.95952">
        <ele>513.1</ele>
      </trkpt>
      <trkpt lat="50.7063" lon="15.96148">
        <ele>505.5</ele>
      </trkpt>
      <trkpt lat="50.70713" lon="15.96312">
        <ele>505.9</ele>
      </trkpt>
      <trkpt lat="50.70735" lon="15.96424">
        <ele>506.1</ele>
      </trkpt>
      <trkpt lat="50.70743" lon="15.97207">
        <ele>504.8</ele>
      </trkpt>
      <trkpt lat="50.70777" lon="15.97387">
        <ele>502.9</ele>
      </trkpt>
      <trkpt lat="50.70779" lon="15.97975">
        <ele>495.3</ele>
      </trkpt>
      <trkpt lat="50.70803" lon="15.98151">
        <ele>494.2</ele>
      </trkpt>
      <trkpt lat="50.70792" lon="15.9819">
        <ele>493.9</ele>
      </trkpt>
      <trkpt lat="50.70813" lon="15.98208">
        <ele>493.9</ele>
      </trkpt>
      <trkpt lat="50.70832" lon="15.98342">
        <ele>493.0</ele>
      </trkpt>
      <trkpt lat="50.70838" lon="15.98678">
        <ele>492.9</ele>
      </trkpt>
      <trkpt lat="50.70811" lon="15.98951">
        <ele>497.0</ele>
      </trkpt>
      <trkpt lat="50.70957" lon="15.99155">
        <ele>499.5</ele>
      </trkpt>
      <trkpt lat="50.70983" lon="15.99243">
        <ele>498.7</ele>
      </trkpt>
      <trkpt lat="50.70987" lon="15.99336">
        <ele>497.4</ele>
      </trkpt>
      <trkpt lat="50.70963" lon="15.99439">
        <ele>496.9</ele>
      </trkpt>
      <trkpt lat="50.70931" lon="15.99496">
        <ele>497.4</ele>
      </trkpt>
      <trkpt lat="50.70781" lon="15.99639">
        <ele>494.7</ele>
      </trkpt>
      <trkpt lat="50.70747" lon="15.99722">
        <ele>494.1</ele>
      </trkpt>
      <trkpt lat="50.70681" lon="15.99776">
        <ele>494.3</ele>
      </trkpt>
      <trkpt lat="50.70545" lon="15.99836">
        <ele>494.9</ele>
      </trkpt>
      <trkpt lat="50.70471" lon="15.9989">
        <ele>496.4</ele>
      </trkpt>
      <trkpt lat="50.70356" lon="15.99907">
        <ele>496.2</ele>
      </trkpt>
      <trkpt lat="50.7034" lon="15.9994">
        <ele>496.4</ele>
      </trkpt>
      <trkpt lat="50.70248" lon="15.99878">
        <ele>497.6</ele>
      </trkpt>
      <trkpt lat="50.70157" lon="16.00091">
        <ele>503.0</ele>
      </trkpt>
      <trkpt lat="50.70132" lon="16.00236">
        <ele>504.0</ele>
      </trkpt>
      <trkpt lat="50.70209" lon="16.00357">
        <ele>505.0</ele>
      </trkpt>
      <trkpt lat="50.70204" lon="16.00429">
        <ele>508.0</ele>
      </trkpt>
      <trkpt lat="50.7004" lon="16.00654">
        <ele>513.6</ele>
      </trkpt>
      <trkpt lat="50.69941" lon="16.007549">
        <ele>518.4</ele>
      </trkpt>
      <trkpt lat="50.69817" lon="16.00963">
        <ele>523.4</ele>
      </trkpt>
      <trkpt lat="50.69686" lon="16.01134">
        <ele>521.2</ele>
      </trkpt>
      <trkpt lat="50.69568" lon="16.01518">
        <ele>526.6</ele>
      </trkpt>
      <trkpt lat="50.69507" lon="16.01556">
        <ele>524.3</ele>
      </trkpt>
      <trkpt lat="50.69378" lon="16.01584">
        <ele>532.2</ele>
      </trkpt>
      <trkpt lat="50.69331" lon="16.01644">
        <ele>535.8</ele>
      </trkpt>
      <trkpt lat="50.69241" lon="16.02438">
        <ele>544.6</ele>
      </trkpt>
      <trkpt lat="50.69146" lon="16.02587">
        <ele>547.8</ele>
      </trkpt>
      <trkpt lat="50.68978" lon="16.02778">
        <ele>547.1</ele>
      </trkpt>
      <trkpt lat="50.68917" lon="16.02887">
        <ele>548.1</ele>
      </trkpt>
      <trkpt lat="50.68786" lon="16.032419">
        <ele>544.8</ele>
      </trkpt>
      <trkpt lat="50.68699" lon="16.036069">
        <ele>535.9</ele>
      </trkpt>
      <trkpt lat="50.68553" lon="16.03977">
        <ele>549.4</ele>
      </trkpt>
      <trkpt lat="50.68471" lon="16.040949">
        <ele>551.0</ele>
      </trkpt>
      <trkpt lat="50.68339" lon="16.04157">
        <ele>556.1</ele>
      </trkpt>
      <trkpt lat="50.68159" lon="16.043869">
        <ele>539.7</ele>
      </trkpt>
      <trkpt lat="50.68064" lon="16.04538">
        <ele>527.9</ele>
      </trkpt>
      <trkpt lat="50.67624" lon="16.05035">
        <ele>518.7</ele>
      </trkpt>
      <trkpt lat="50.67467" lon="16.05354">
        <ele>518.0</ele>
      </trkpt>
      <trkpt lat="50.6745" lon="16.05586">
        <ele>521.0</ele>
      </trkpt>
      <trkpt lat="50.67427" lon="16.05659">
        <ele>521.6</ele>
      </trkpt>
      <trkpt lat="50.672" lon="16.0607">
        <ele>513.0</ele>
      </trkpt>
      <trkpt lat="50.66785" lon="16.06609">
        <ele>505.1</ele>
      </trkpt>
      <trkpt lat="50.66771" lon="16.067029">
        <ele>504.7</ele>
      </trkpt>
      <trkpt lat="50.66722" lon="16.06763">
        <ele>506.9</ele>
      </trkpt>
      <trkpt lat="50.66677" lon="16.06867">
        <ele>508.1</ele>
      </trkpt>
      <trkpt lat="50.66651" lon="16.06876">
        <ele>509.5</ele>
      </trkpt>
      <trkpt lat="50.66635" lon="16.069109">
        <ele>510.9</ele>
      </trkpt>
      <trkpt lat="50.66572" lon="16.07415">
        <ele>516.4</ele>
      </trkpt>
      <trkpt lat="50.6626" lon="16.07881">
        <ele>528.7</ele>
      </trkpt>
      <trkpt lat="50.66213" lon="16.080649">
        <ele>536.3</ele>
      </trkpt>
      <trkpt lat="50.66232" lon="16.082809">
        <ele>539.9</ele>
      </trkpt>
      <trkpt lat="50.6621" lon="16.084219">
        <ele>541.5</ele>
      </trkpt>
      <trkpt lat="50.66189" lon="16.084589">
        <ele>540.6</ele>
      </trkpt>
      <trkpt lat="50.66076" lon="16.08548">
        <ele>541.6</ele>
      </trkpt>
      <trkpt lat="50.6598" lon="16.08747">
        <ele>545.4</ele>
      </trkpt>
      <trkpt lat="50.65858" lon="16.088819">
        <ele>554.9</ele>
      </trkpt>
      <trkpt lat="50.65818" lon="16.09189">
        <ele>563.5</ele>
      </trkpt>
      <trkpt lat="50.65629" lon="16.09489">
        <ele>583.1</ele>
      </trkpt>
      <trkpt lat="50.65639" lon="16.09513">
        <ele>587.1</ele>
      </trkpt>
      <trkpt lat="50.6572" lon="16.09475">
        <ele>588.5</ele>
      </trkpt>
      <trkpt lat="50.65864" lon="16.096329">
        <ele>611.7</ele>
      </trkpt>
      <trkpt lat="50.65962" lon="16.09648">
        <ele>612.3</ele>
      </trkpt>
      <trkpt lat="50.6603" lon="16.09705">
        <ele>620.0</ele>
      </trkpt>
      <trkpt lat="50.66182" lon="16.0976">
        <ele>630.0</ele>
      </trkpt>
      <trkpt lat="50.66293" lon="16.099129">
        <ele>636.5</ele>
      </trkpt>
      <trkpt lat="50.66319" lon="16.09978">
        <ele>638.8</ele>
      </trkpt>
      <trkpt lat="50.66333" lon="16.10301">
        <ele>652.3</ele>
      </trkpt>
      <trkpt lat="50.66365" lon="16.1048">
        <ele>653.0</ele>
      </trkpt>
      <trkpt lat="50.66367" lon="16.10922">
        <ele>655.2</ele>
      </trkpt>
      <trkpt lat="50.66418" lon="16.10998">
        <ele>654.4</ele>
      </trkpt>
      <trkpt lat="50.66506" lon="16.11032">
        <ele>657.6</ele>
      </trkpt>
      <trkpt lat="50.66539" lon="16.110969">
        <ele>652.8</ele>
      </trkpt>
      <trkpt lat="50.66546" lon="16.11155">
        <ele>647.2</ele>
      </trkpt>
      <trkpt lat="50.6653" lon="16.11249">
        <ele>644.1</ele>
      </trkpt>
      <trkpt lat="50.66453" lon="16.11437">
        <ele>629.3</ele>
      </trkpt>
      <trkpt lat="50.6637" lon="16.115829">
        <ele>610.2</ele>
      </trkpt>
      <trkpt lat="50.66342" lon="16.11721">
        <ele>603.2</ele>
      </trkpt>
      <trkpt lat="50.66351" lon="16.11814">
        <ele>602.1</ele>
      </trkpt>
      <trkpt lat="50.66378" lon="16.11887">
        <ele>599.5</ele>
      </trkpt>
      <trkpt lat="50.66436" lon="16.119689">
        <ele>593.2</ele>
      </trkpt>
      <trkpt lat="50.66618" lon="16.12065">
        <ele>581.0</ele>
      </trkpt>
      <trkpt lat="50.66649" lon="16.121009">
        <ele>572.7</ele>
      </trkpt>
      <trkpt lat="50.66662" lon="16.12205">
        <ele>559.1</ele>
      </trkpt>
      <trkpt lat="50.66603" lon="16.12404">
        <ele>550.7</ele>
      </trkpt>
      <trkpt lat="50.66596" lon="16.127189">
        <ele>548.3</ele>
      </trkpt>
      <trkpt lat="50.66949" lon="16.13372">
        <ele>557.3</ele>
      </trkpt>
      <trkpt lat="50.67015" lon="16.136">
        <ele>561.5</ele>
      </trkpt>
      <trkpt lat="50.67022" lon="16.139399">
        <ele>564.1</ele>
      </trkpt>
      <trkpt lat="50.67049" lon="16.14054">
        <ele>565.5</ele>
      </trkpt>
      <trkpt lat="50.67096" lon="16.14138">
        <ele>567.7</ele>
      </trkpt>
      <trkpt lat="50.67251" lon="16.14288">
        <ele>577.5</ele>
      </trkpt>
      <trkpt lat="50.67338" lon="16.14423">
        <ele>583.7</ele>
      </trkpt>
      <trkpt lat="50.67424" lon="16.14609">
        <ele>588.7</ele>
      </trkpt>
      <trkpt lat="50.67459" lon="16.14742">
        <ele>592.5</ele>
      </trkpt>
      <trkpt lat="50.67438" lon="16.14891">
        <ele>590.5</ele>
      </trkpt>
      <trkpt lat="50.67461" lon="16.15008">
        <ele>588.6</ele>
      </trkpt>
      <trkpt lat="50.67461" lon="16.151219">
        <ele>578.3</ele>
      </trkpt>
      <trkpt lat="50.67362" lon="16.15389">
        <ele>565.6</ele>
      </trkpt>
      <trkpt lat="50.67309" lon="16.15608">
        <ele>558.2</ele>
      </trkpt>
      <trkpt lat="50.67227" lon="16.15717">
        <ele>556.6</ele>
      </trkpt>
      <trkpt lat="50.67006" lon="16.15898">
        <ele>550.3</ele>
      </trkpt>
      <trkpt lat="50.66893" lon="16.16083">
        <ele>548.4</ele>
      </trkpt>
      <trkpt lat="50.66778" lon="16.16147">
        <ele>541.4</ele>
      </trkpt>
      <trkpt lat="50.66595" lon="16.16312">
        <ele>526.8</ele>
      </trkpt>
      <trkpt lat="50.66401" lon="16.171589">
        <ele>507.7</ele>
      </trkpt>
      <trkpt lat="50.66297" lon="16.174959">
        <ele>495.3</ele>
      </trkpt>
      <trkpt lat="50.6624" lon="16.17784">
        <ele>491.2</ele>
      </trkpt>
      <trkpt lat="50.66182" lon="16.174959">
        <ele>498.8</ele>
      </trkpt>
      <trkpt lat="50.6618" lon="16.17247">
        <ele>502.4</ele>
      </trkpt>
      <trkpt lat="50.66119" lon="16.170169">
        <ele>501.0</ele>
      </trkpt>
      <trkpt lat="50.66064" lon="16.166409">
        <ele>507.1</ele>
      </trkpt>
      <trkpt lat="50.66022" lon="16.165199">
        <ele>513.5</ele>
      </trkpt>
      <trkpt lat="50.65994" lon="16.16485">
        <ele>512.5</ele>
      </trkpt>
      <trkpt lat="50.65945" lon="16.164639">
        <ele>514.6</ele>
      </trkpt>
      <trkpt lat="50.65875" lon="16.16472">
        <ele>518.3</ele>
      </trkpt>
      <trkpt lat="50.65845" lon="16.164439">
        <ele>519.9</ele>
      </trkpt>
      <trkpt lat="50.65783" lon="16.16208">
        <ele>512.7</ele>
      </trkpt>
      <trkpt lat="50.65712" lon="16.160779">
        <ele>513.5</ele>
      </trkpt>
      <trkpt lat="50.65673" lon="16.158449">
        <ele>515.7</ele>
      </trkpt>
      <trkpt lat="50.65578" lon="16.155149">
        <ele>533.3</ele>
      </trkpt>
      <trkpt lat="50.65576" lon="16.15246">
        <ele>549.0</ele>
      </trkpt>
      <trkpt lat="50.65529" lon="16.15022">
        <ele>559.9</ele>
      </trkpt>
      <trkpt lat="50.65531" lon="16.1487">
        <ele>573.0</ele>
      </trkpt>
      <trkpt lat="50.65517" lon="16.14837">
        <ele>574.0</ele>
      </trkpt>
      <trkpt lat="50.6539" lon="16.147469">
        <ele>571.3</ele>
      </trkpt>
      <trkpt lat="50.6516" lon="16.14647">
        <ele>557.5</ele>
      </trkpt>
      <trkpt lat="50.65008" lon="16.1452">
        <ele>559.3</ele>
      </trkpt>
      <trkpt lat="50.64891" lon="16.14449">
        <ele>558.3</ele>
      </trkpt>
      <trkpt lat="50.64793" lon="16.1442">
        <ele>558.6</ele>
      </trkpt>
      <trkpt lat="50.64573" lon="16.14412">
        <ele>548.3</ele>
      </trkpt>
      <trkpt lat="50.64456" lon="16.14345">
        <ele>539.5</ele>
      </trkpt>
      <trkpt lat="50.64291" lon="16.14469">
        <ele>532.2</ele>
      </trkpt>
      <trkpt lat="50.64163" lon="16.1448">
        <ele>528.2</ele>
      </trkpt>
      <trkpt lat="50.64072" lon="16.14537">
        <ele>521.7</ele>
      </trkpt>
      <trkpt lat="50.63885" lon="16.14585">
        <ele>520.6</ele>
      </trkpt>
      <trkpt lat="50.6386" lon="16.145689">
        <ele>523.3</ele>
      </trkpt>
      <trkpt lat="50.63705" lon="16.14307">
        <ele>519.2</ele>
      </trkpt>
      <trkpt lat="50.6357" lon="16.14196">
        <ele>520.9</ele>
      </trkpt>
      <trkpt lat="50.63384" lon="16.14003">
        <ele>514.2</ele>
      </trkpt>
      <trkpt lat="50.63306" lon="16.13951">
        <ele>515.2</ele>
      </trkpt>
      <trkpt lat="50.63096" lon="16.13909">
        <ele>515.8</ele>
      </trkpt>
      <trkpt lat="50.6297" lon="16.13922">
        <ele>512.0</ele>
      </trkpt>
      <trkpt lat="50.62866" lon="16.13979">
        <ele>509.4</ele>
      </trkpt>
      <trkpt lat="50.62799" lon="16.13981">
        <ele>508.7</ele>
      </trkpt>
      <trkpt lat="50.62699" lon="16.14079">
        <ele>509.0</ele>
      </trkpt>
      <trkpt lat="50.62511" lon="16.14161">
        <ele>508.3</ele>
      </trkpt>
      <trkpt lat="50.62442" lon="16.14166">
        <ele>505.9</ele>
      </trkpt>
      <trkpt lat="50.62283" lon="16.138819">
        <ele>511.4</ele>
      </trkpt>
      <trkpt lat="50.62158" lon="16.13785">
        <ele>509.3</ele>
      </trkpt>
      <trkpt lat="50.62125" lon="16.13654">
        <ele>511.4</ele>
      </trkpt>
      <trkpt lat="50.61806" lon="16.132909">
        <ele>514.6</ele>
      </trkpt>
      <trkpt lat="50.61672" lon="16.13241">
        <ele>506.7</ele>
      </trkpt>
      <trkpt lat="50.61688" lon="16.13049">
        <ele>514.9</ele>
      </trkpt>
      <trkpt lat="50.61737" lon="16.12876">
        <ele>518.2</ele>
      </trkpt>
      <trkpt lat="50.61739" lon="16.12752">
        <ele>513.0</ele>
      </trkpt>
      <trkpt lat="50.61701" lon="16.12669">
        <ele>509.1</ele>
      </trkpt>
      <trkpt lat="50.61653" lon="16.12649">
        <ele>506.5</ele>
      </trkpt>
      <trkpt lat="50.61609" lon="16.12604">
        <ele>506.4</ele>
      </trkpt>
      <trkpt lat="50.61604" lon="16.12506">
        <ele>506.3</ele>
      </trkpt>
      <trkpt lat="50.61655" lon="16.12284">
        <ele>509.9</ele>
      </trkpt>
      <trkpt lat="50.61882" lon="16.11675">
        <ele>520.3</ele>
      </trkpt>
      <trkpt lat="50.61913" lon="16.1143">
        <ele>522.7</ele>
      </trkpt>
      <trkpt lat="50.6186" lon="16.10932">
        <ele>530.1</ele>
      </trkpt>
      <trkpt lat="50.61873" lon="16.108">
        <ele>531.6</ele>
      </trkpt>
      <trkpt lat="50.61935" lon="16.10587">
        <ele>542.9</ele>
      </trkpt>
      <trkpt lat="50.62288" lon="16.10039">
        <ele>549.6</ele>
      </trkpt>
      <trkpt lat="50.62298" lon="16.099319">
        <ele>551.3</ele>
      </trkpt>
      <trkpt lat="50.62279" lon="16.09728">
        <ele>552.0</ele>
      </trkpt>
      <trkpt lat="50.6233" lon="16.09428">
        <ele>553.1</ele>
      </trkpt>
      <trkpt lat="50.62338" lon="16.09239">
        <ele>557.5</ele>
      </trkpt>
      <trkpt lat="50.62436" lon="16.08951">
        <ele>567.1</ele>
      </trkpt>
      <trkpt lat="50.62429" lon="16.08493">
        <ele>555.7</ele>
      </trkpt>
      <trkpt lat="50.62401" lon="16.08154">
        <ele>556.5</ele>
      </trkpt>
      <trkpt lat="50.62368" lon="16.07983">
        <ele>559.5</ele>
      </trkpt>
      <trkpt lat="50.62281" lon="16.07808">
        <ele>561.8</ele>
      </trkpt>
      <trkpt lat="50.62261" lon="16.07725">
        <ele>562.6</ele>
      </trkpt>
      <trkpt lat="50.62236" lon="16.07432">
        <ele>569.8</ele>
      </trkpt>
      <trkpt lat="50.62116" lon="16.07063">
        <ele>584.6</ele>
      </trkpt>
      <trkpt lat="50.61962" lon="16.066759">
        <ele>604.0</ele>
      </trkpt>
      <trkpt lat="50.61833" lon="16.06493">
        <ele>620.9</ele>
      </trkpt>
      <trkpt lat="50.61736" lon="16.06444">
        <ele>634.1</ele>
      </trkpt>
      <trkpt lat="50.61618" lon="16.06343">
        <ele>645.7</ele>
      </trkpt>
      <trkpt lat="50.61427" lon="16.06285">
        <ele>650.8</ele>
      </trkpt>
      <trkpt lat="50.61365" lon="16.06243">
        <ele>656.9</ele>
      </trkpt>
      <trkpt lat="50.61294" lon="16.06136">
        <ele>659.4</ele>
      </trkpt>
      <trkpt lat="50.61273" lon="16.06049">
        <ele>658.0</ele>
      </trkpt>
      <trkpt lat="50.61254" lon="16.06031">
        <ele>657.2</ele>
      </trkpt>
      <trkpt lat="50.60832" lon="16.05932">
        <ele>669.8</ele>
      </trkpt>
      <trkpt lat="50.60686" lon="16.05824">
        <ele>676.9</ele>
      </trkpt>
      <trkpt lat="50.60629" lon="16.057179">
        <ele>679.7</ele>
      </trkpt>
      <trkpt lat="50.60453" lon="16.05523">
        <ele>668.0</ele>
      </trkpt>
      <trkpt lat="50.60362" lon="16.05445">
        <ele>660.2</ele>
      </trkpt>
      <trkpt lat="50.60256" lon="16.05423">
        <ele>656.2</ele>
      </trkpt>
      <trkpt lat="50.60262" lon="16.05398">
        <ele>651.9</ele>
      </trkpt>
      <trkpt lat="50.60316" lon="16.05375">
        <ele>647.6</ele>
      </trkpt>
      <trkpt lat="50.60342" lon="16.05312">
        <ele>635.8</ele>
      </trkpt>
      <trkpt lat="50.60334" lon="16.05292">
        <ele>634.0</ele>
      </trkpt>
      <trkpt lat="50.60286" lon="16.05279">
        <ele>634.4</ele>
      </trkpt>
      <trkpt lat="50.60251" lon="16.05302">
        <ele>638.0</ele>
      </trkpt>
      <trkpt lat="50.60218" lon="16.053">
        <ele>634.7</ele>
      </trkpt>
      <trkpt lat="50.60218" lon="16.052219">
        <ele>627.4</ele>
      </trkpt>
      <trkpt lat="50.6018" lon="16.0517">
        <ele>619.4</ele>
      </trkpt>
      <trkpt lat="50.60258" lon="16.05151">
        <ele>622.0</ele>
      </trkpt>
      <trkpt lat="50.60264" lon="16.05123">
        <ele>617.4</ele>
      </trkpt>
      <trkpt lat="50.60158" lon="16.05088">
        <ele>607.2</ele>
      </trkpt>
      <trkpt lat="50.6014" lon="16.05056">
        <ele>601.5</ele>
      </trkpt>
      <trkpt lat="50.60181" lon="16.05067">
        <ele>606.8</ele>
      </trkpt>
      <trkpt lat="50.60245" lon="16.05039">
        <ele>605.0</ele>
      </trkpt>
      <trkpt lat="50.60295" lon="16.04983">
        <ele>594.3</ele>
      </trkpt>
      <trkpt lat="50.60293" lon="16.04941">
        <ele>584.0</ele>
      </trkpt>
      <trkpt lat="50.60203" lon="16.04982">
        <ele>594.1</ele>
      </trkpt>
      <trkpt lat="50.60172" lon="16.049679">
        <ele>589.9</ele>
      </trkpt>
      <trkpt lat="50.60131" lon="16.049109">
        <ele>570.4</ele>
      </trkpt>
      <trkpt lat="50.60059" lon="16.049209">
        <ele>565.0</ele>
      </trkpt>
      <trkpt lat="50.59991" lon="16.049689">
        <ele>562.5</ele>
      </trkpt>
      <trkpt lat="50.59963" lon="16.05058">
        <ele>571.6</ele>
      </trkpt>
      <trkpt lat="50.59943" lon="16.05054">
        <ele>568.4</ele>
      </trkpt>
      <trkpt lat="50.59946" lon="16.04976">
        <ele>555.8</ele>
      </trkpt>
      <trkpt lat="50.59904" lon="16.049199">
        <ele>542.5</ele>
      </trkpt>
      <trkpt lat="50.59858" lon="16.04786">
        <ele>530.7</ele>
      </trkpt>
      <trkpt lat="50.59825" lon="16.04484">
        <ele>518.9</ele>
      </trkpt>
      <trkpt lat="50.59678" lon="16.04353">
        <ele>506.8</ele>
      </trkpt>
      <trkpt lat="50.59499" lon="16.03996">
        <ele>501.9</ele>
      </trkpt>
      <trkpt lat="50.59633" lon="16.038889">
        <ele>497.3</ele>
      </trkpt>
      <trkpt lat="50.5985" lon="16.035219">
        <ele>491.9</ele>
      </trkpt>
      <trkpt lat="50.59877" lon="16.03386">
        <ele>491.2</ele>
      </trkpt>
      <trkpt lat="50.59884" lon="16.03228">
        <ele>492.7</ele>
      </trkpt>
      <trkpt lat="50.59808" lon="16.02976">
        <ele>488.1</ele>
      </trkpt>
      <trkpt lat="50.59786" lon="16.027239">
        <ele>487.1</ele>
      </trkpt>
      <trkpt lat="50.59717" lon="16.02545">
        <ele>482.6</ele>
      </trkpt>
      <trkpt lat="50.59704" lon="16.02354">
        <ele>484.7</ele>
      </trkpt>
      <trkpt lat="50.59722" lon="16.02289">
        <ele>484.1</ele>
      </trkpt>
      <trkpt lat="50.59867" lon="16.02094">
        <ele>490.1</ele>
      </trkpt>
      <trkpt lat="50.59886" lon="16.020309">
        <ele>489.0</ele>
      </trkpt>
      <trkpt lat="50.59878" lon="16.0184">
        <ele>478.8</ele>
      </trkpt>
      <trkpt lat="50.59896" lon="16.017479">
        <ele>477.9</ele>
      </trkpt>
      <trkpt lat="50.60099" lon="16.01475">
        <ele>476.0</ele>
      </trkpt>
      <trkpt lat="50.6016" lon="16.01228">
        <ele>485.2</ele>
      </trkpt>
      <trkpt lat="50.60307" lon="16.008479">
        <ele>464.3</ele>
      </trkpt>
      <trkpt lat="50.60253" lon="16.00289">
        <ele>434.9</ele>
      </trkpt>
      <trkpt lat="50.60262" lon="16.00124">
        <ele>433.4</ele>
      </trkpt>
      <trkpt lat="50.60243" lon="15.99923">
        <ele>431.4</ele>
      </trkpt>
      <trkpt lat="50.60177" lon="15.99777">
        <ele>430.7</ele>
      </trkpt>
      <trkpt lat="50.60039" lon="15.99663">
        <ele>424.6</ele>
      </trkpt>
      <trkpt lat="50.59998" lon="15.99607">
        <ele>424.4</ele>
      </trkpt>
      <trkpt lat="50.59851" lon="15.99267">
        <ele>428.2</ele>
      </trkpt>
      <trkpt lat="50.59762" lon="15.99195">
        <ele>425.1</ele>
      </trkpt>
      <trkpt lat="50.59659" lon="15.99052">
        <ele>426.5</ele>
      </trkpt>
      <trkpt lat="50.59569" lon="15.99015">
        <ele>423.0</ele>
      </trkpt>
      <trkpt lat="50.59397" lon="15.99073">
        <ele>424.4</ele>
      </trkpt>
      <trkpt lat="50.59316" lon="15.99066">
        <ele>422.3</ele>
      </trkpt>
      <trkpt lat="50.59264" lon="15.99009">
        <ele>419.3</ele>
      </trkpt>
      <trkpt lat="50.59183" lon="15.98829">
        <ele>415.8</ele>
      </trkpt>
      <trkpt lat="50.59125" lon="15.98745">
        <ele>420.7</ele>
      </trkpt>
      <trkpt lat="50.58957" lon="15.98595">
        <ele>424.5</ele>
      </trkpt>
      <trkpt lat="50.58772" lon="15.98543">
        <ele>420.5</ele>
      </trkpt>
      <trkpt lat="50.58748" lon="15.98516">
        <ele>417.8</ele>
      </trkpt>
      <trkpt lat="50.58741" lon="15.98458">
        <ele>417.7</ele>
      </trkpt>
      <trkpt lat="50.58763" lon="15.9841">
        <ele>416.8</ele>
      </trkpt>
      <trkpt lat="50.58921" lon="15.98348">
        <ele>418.8</ele>
      </trkpt>
      <trkpt lat="50.58972" lon="15.98276">
        <ele>424.4</ele>
      </trkpt>
      <trkpt lat="50.58989" lon="15.98163">
        <ele>421.2</ele>
      </trkpt>
      <trkpt lat="50.58965" lon="15.98066">
        <ele>420.6</ele>
      </trkpt>
      <trkpt lat="50.58823" lon="15.97916">
        <ele>412.9</ele>
      </trkpt>
      <trkpt lat="50.58755" lon="15.9769">
        <ele>413.2</ele>
      </trkpt>
      <trkpt lat="50.58679" lon="15.97538">
        <ele>425.7</ele>
      </trkpt>
      <trkpt lat="50.58632" lon="15.97502">
        <ele>422.5</ele>
      </trkpt>
      <trkpt lat="50.58547" lon="15.97489">
        <ele>415.2</ele>
      </trkpt>
      <trkpt lat="50.58497" lon="15.97455">
        <ele>416.2</ele>
      </trkpt>
      <trkpt lat="50.58431" lon="15.97368">
        <ele>411.1</ele>
      </trkpt>
      <trkpt lat="50.58379" lon="15.97237">
        <ele>421.6</ele>
      </trkpt>
      <trkpt lat="50.58197" lon="15.97072">
        <ele>423.9</ele>
      </trkpt>
      <trkpt lat="50.58138" lon="15.96996">
        <ele>414.3</ele>
      </trkpt>
      <trkpt lat="50.58058" lon="15.96826">
        <ele>405.8</ele>
      </trkpt>
      <trkpt lat="50.57978" lon="15.96551">
        <ele>394.8</ele>
      </trkpt>
      <trkpt lat="50.57899" lon="15.96494">
        <ele>393.4</ele>
      </trkpt>
      <trkpt lat="50.57867" lon="15.96423">
        <ele>398.3</ele>
      </trkpt>
      <trkpt lat="50.57782" lon="15.96335">
        <ele>392.1</ele>
      </trkpt>
      <trkpt lat="50.5771" lon="15.96195">
        <ele>389.7</ele>
      </trkpt>
      <trkpt lat="50.57569" lon="15.96107">
        <ele>388.1</ele>
      </trkpt>
      <trkpt lat="50.57502" lon="15.96032">
        <ele>387.0</ele>
      </trkpt>
      <trkpt lat="50.57483" lon="15.95974">
        <ele>387.8</ele>
      </trkpt>
      <trkpt lat="50.57518" lon="15.95834">
        <ele>386.4</ele>
      </trkpt>
      <trkpt lat="50.57516" lon="15.95644">
        <ele>386.5</ele>
      </trkpt>
      <trkpt lat="50.57475" lon="15.95649">
        <ele>388.6</ele>
      </trkpt>
      <trkpt lat="50.57435" lon="15.95283">
        <ele>390.6</ele>
      </trkpt>
      <trkpt lat="50.57274" lon="15.94919">
        <ele>398.4</ele>
      </trkpt>
      <trkpt lat="50.57245" lon="15.94685">
        <ele>395.2</ele>
      </trkpt>
      <trkpt lat="50.57218" lon="15.94648">
        <ele>395.4</ele>
      </trkpt>
      <trkpt lat="50.57179" lon="15.94431">
        <ele>395.7</ele>
      </trkpt>
      <trkpt lat="50.57127" lon="15.94463">
        <ele>398.6</ele>
      </trkpt>
      <trkpt lat="50.56963" lon="15.94083">
        <ele>408.2</ele>
      </trkpt>
      <trkpt lat="50.56841" lon="15.93524">
        <ele>409.2</ele>
      </trkpt>
      <trkpt lat="50.56849" lon="15.93427">
        <ele>407.2</ele>
      </trkpt>
      <trkpt lat="50.56729" lon="15.93216">
        <ele>408.8</ele>
      </trkpt>
      <trkpt lat="50.56552" lon="15.92615">
        <ele>409.2</ele>
      </trkpt>
      <trkpt lat="50.56497" lon="15.92611">
        <ele>407.3</ele>
      </trkpt>
      <trkpt lat="50.56368" lon="15.92294">
        <ele>409.1</ele>
      </trkpt>
      <trkpt lat="50.56376" lon="15.92274">
        <ele>409.4</ele>
      </trkpt>
      <trkpt lat="50.56315" lon="15.92175">
        <ele>412.3</ele>
      </trkpt>
      <trkpt lat="50.56289" lon="15.922">
        <ele>412.8</ele>
      </trkpt>
      <trkpt lat="50.56272" lon="15.92178">
        <ele>413.2</ele>
      </trkpt>
      <trkpt lat="50.56236" lon="15.91751">
        <ele>414.8</ele>
      </trkpt>
      <trkpt lat="50.5631" lon="15.91321">
        <ele>414.9</ele>
      </trkpt>
      <trkpt lat="50.56718" lon="15.90325">
        <ele>420.9</ele>
      </trkpt>
      <trkpt lat="50.56761" lon="15.90283">
        <ele>420.9</ele>
      </trkpt>
      <trkpt lat="50.56848" lon="15.90126">
        <ele>421.2</ele>
      </trkpt>
      <trkpt lat="50.56868" lon="15.90111">
        <ele>421.1</ele>
      </trkpt>
      <trkpt lat="50.57036" lon="15.90111">
        <ele>429.0</ele>
      </trkpt>
      <trkpt lat="50.57176" lon="15.90026">
        <ele>429.3</ele>
      </trkpt>
      <trkpt lat="50.5728" lon="15.90041">
        <ele>437.2</ele>
      </trkpt>
      <trkpt lat="50.57381" lon="15.90026">
        <ele>431.2</ele>
      </trkpt>
      <trkpt lat="50.57383" lon="15.90011">
        <ele>430.2</ele>
      </trkpt>
      <trkpt lat="50.57466" lon="15.89965">
        <ele>427.9</ele>
      </trkpt>
      <trkpt lat="50.57608" lon="15.89817">
        <ele>428.8</ele>
      </trkpt>
      <trkpt lat="50.5771" lon="15.89774">
        <ele>437.2</ele>
      </trkpt>
      <trkpt lat="50.57854" lon="15.89635">
        <ele>431.4</ele>
      </trkpt>
      <trkpt lat="50.57993" lon="15.89568">
        <ele>435.6</ele>
      </trkpt>
      <trkpt lat="50.58188" lon="15.89551">
        <ele>437.0</ele>
      </trkpt>
      <trkpt lat="50.58314" lon="15.89489">
        <ele>439.7</ele>
      </trkpt>
      <trkpt lat="50.58471" lon="15.89261">
        <ele>444.7</ele>
      </trkpt>
      <trkpt lat="50.58493" lon="15.89168">
        <ele>444.8</ele>
      </trkpt>
      <trkpt lat="50.58459" lon="15.89104">
        <ele>442.5</ele>
      </trkpt>
      <trkpt lat="50.58467" lon="15.88974">
        <ele>439.7</ele>
      </trkpt>
      <trkpt lat="50.58446" lon="15.88913">
        <ele>438.3</ele>
      </trkpt>
      <trkpt lat="50.58756" lon="15.88486">
        <ele>441.5</ele>
      </trkpt>
      <trkpt lat="50.58822" lon="15.88413">
        <ele>443.9</ele>
      </trkpt>
      <trkpt lat="50.59047" lon="15.88261">
        <ele>446.8</ele>
      </trkpt>
      <trkpt lat="50.59302" lon="15.87979">
        <ele>450.3</ele>
      </trkpt>
      <trkpt lat="50.59468" lon="15.87744">
        <ele>460.2</ele>
      </trkpt>
      <trkpt lat="50.59577" lon="15.878">
        <ele>453.2</ele>
      </trkpt>
      <trkpt lat="50.59654" lon="15.878">
        <ele>451.5</ele>
      </trkpt>
      <trkpt lat="50.59656" lon="15.87693">
        <ele>454.2</ele>
      </trkpt>
      <trkpt lat="50.59713" lon="15.87592">
        <ele>459.8</ele>
      </trkpt>
      <trkpt lat="50.59839" lon="15.87254">
        <ele>455.8</ele>
      </trkpt>
      <trkpt lat="50.59899" lon="15.86984">
        <ele>463.2</ele>
      </trkpt>
      <trkpt lat="50.60028" lon="15.86638">
        <ele>461.8</ele>
      </trkpt>
      <trkpt lat="50.6006" lon="15.8632">
        <ele>465.9</ele>
      </trkpt>
      <trkpt lat="50.60152" lon="15.86044">
        <ele>464.9</ele>
      </trkpt>
      <trkpt lat="50.60213" lon="15.85607">
        <ele>467.3</ele>
      </trkpt>
      <trkpt lat="50.60335" lon="15.85116">
        <ele>471.6</ele>
      </trkpt>
      <trkpt lat="50.6033" lon="15.84799">
        <ele>472.5</ele>
      </trkpt>
      <trkpt lat="50.60303" lon="15.84663">
        <ele>474.0</ele>
      </trkpt>
      <trkpt lat="50.60344" lon="15.84466">
        <ele>476.2</ele>
      </trkpt>
      <trkpt lat="50.60398" lon="15.83692">
        <ele>486.3</ele>
      </trkpt>
      <trkpt lat="50.6054" lon="15.83413">
        <ele>486.6</ele>
      </trkpt>
      <trkpt lat="50.60645" lon="15.83303">
        <ele>487.0</ele>
      </trkpt>
      <trkpt lat="50.60778" lon="15.8293">
        <ele>496.2</ele>
      </trkpt>
      <trkpt lat="50.60926" lon="15.82606">
        <ele>498.3</ele>
      </trkpt>
      <trkpt lat="50.61669" lon="15.81987">
        <ele>503.4</ele>
      </trkpt>
      <trkpt lat="50.618" lon="15.81903">
        <ele>508.2</ele>
      </trkpt>
      <trkpt lat="50.61986" lon="15.81862">
        <ele>508.9</ele>
      </trkpt>
      <trkpt lat="50.62298" lon="15.81867">
        <ele>513.5</ele>
      </trkpt>
      <trkpt lat="50.62417" lon="15.81846">
        <ele>519.4</ele>
      </trkpt>
      <trkpt lat="50.62643" lon="15.81734">
        <ele>521.3</ele>
      </trkpt>
      <trkpt lat="50.62808" lon="15.81571">
        <ele>526.1</ele>
      </trkpt>
      <trkpt lat="50.62988" lon="15.81323">
        <ele>530.8</ele>
      </trkpt>
      <trkpt lat="50.63101" lon="15.81225">
        <ele>540.4</ele>
      </trkpt>
      <trkpt lat="50.63216" lon="15.81172">
        <ele>531.2</ele>
      </trkpt>
      <trkpt lat="50.63427" lon="15.81227">
        <ele>533.9</ele>
      </trkpt>
      <trkpt lat="50.63641" lon="15.8123">
        <ele>538.7</ele>
      </trkpt>
      <trkpt lat="50.63914" lon="15.814">
        <ele>553.8</ele>
      </trkpt>
      <trkpt lat="50.63998" lon="15.81425">
        <ele>551.8</ele>
      </trkpt>
      <trkpt lat="50.6432" lon="15.81423">
        <ele>551.9</ele>
      </trkpt>
      <trkpt lat="50.64398" lon="15.81447">
        <ele>551.2</ele>
      </trkpt>
      <trkpt lat="50.64617" lon="15.81572">
        <ele>565.6</ele>
      </trkpt>
      <trkpt lat="50.64828" lon="15.81596">
        <ele>566.0</ele>
      </trkpt>
      <trkpt lat="50.65136" lon="15.81852">
        <ele>569.2</ele>
      </trkpt>
      <trkpt lat="50.6553" lon="15.82025">
        <ele>576.6</ele>
      </trkpt>
      <trkpt lat="50.65674" lon="15.82026">
        <ele>575.5</ele>
      </trkpt>
      <trkpt lat="50.65984" lon="15.81899">
        <ele>579.9</ele>
      </trkpt>
      <trkpt lat="50.66129" lon="15.81867">
        <ele>579.8</ele>
      </trkpt>
      <trkpt lat="50.66174" lon="15.81778">
        <ele>582.2</ele>
      </trkpt>
      <trkpt lat="50.66256" lon="15.81188">
        <ele>600.3</ele>
      </trkpt>
      <trkpt lat="50.66425" lon="15.80846">
        <ele>608.5</ele>
      </trkpt>
      <trkpt lat="50.66448" lon="15.80746">
        <ele>614.6</ele>
      </trkpt>
      <trkpt lat="50.66461" lon="15.79935">
        <ele>619.6</ele>
      </trkpt>
      <trkpt lat="50.66568" lon="15.7962">
        <ele>630.4</ele>
      </trkpt>
      <trkpt lat="50.66692" lon="15.79357">
        <ele>633.4</ele>
      </trkpt>
      <trkpt lat="50.66736" lon="15.79317">
        <ele>636.6</ele>
      </trkpt>
      <trkpt lat="50.66793" lon="15.79322">
        <ele>638.2</ele>
      </trkpt>
      <trkpt lat="50.66859" lon="15.79359">
        <ele>647.6</ele>
      </trkpt>
      <trkpt lat="50.66992" lon="15.79507">
        <ele>645.2</ele>
      </trkpt>
      <trkpt lat="50.67076" lon="15.79525">
        <ele>652.6</ele>
      </trkpt>
      <trkpt lat="50.67326" lon="15.79365">
        <ele>654.0</ele>
      </trkpt>
      <trkpt lat="50.67482" lon="15.79381">
        <ele>661.7</ele>
      </trkpt>
      <trkpt lat="50.67552" lon="15.79356">
        <ele>661.7</ele>
      </trkpt>
      <trkpt lat="50.67638" lon="15.79254">
        <ele>668.8</ele>
      </trkpt>
      <trkpt lat="50.67727" lon="15.79027">
        <ele>681.6</ele>
      </trkpt>
      <trkpt lat="50.67849" lon="15.78889">
        <ele>682.4</ele>
      </trkpt>
      <trkpt lat="50.67924" lon="15.78678">
        <ele>675.5</ele>
      </trkpt>
      <trkpt lat="50.6808" lon="15.78584">
        <ele>672.2</ele>
      </trkpt>
      <trkpt lat="50.68281" lon="15.78371">
        <ele>675.6</ele>
      </trkpt>
      <trkpt lat="50.6841" lon="15.78343">
        <ele>672.7</ele>
      </trkpt>
      <trkpt lat="50.68465" lon="15.78313">
        <ele>675.8</ele>
      </trkpt>
      <trkpt lat="50.68622" lon="15.78053">
        <ele>686.5</ele>
      </trkpt>
      <trkpt lat="50.68671" lon="15.78015">
        <ele>685.0</ele>
      </trkpt>
      <trkpt lat="50.68782" lon="15.77987">
        <ele>686.6</ele>
      </trkpt>
      <trkpt lat="50.68808" lon="15.7796">
        <ele>690.1</ele>
      </trkpt>
      <trkpt lat="50.68973" lon="15.77692">
        <ele>692.2</ele>
      </trkpt>
      <trkpt lat="50.69038" lon="15.77449">
        <ele>698.5</ele>
      </trkpt>
      <trkpt lat="50.69051" lon="15.77298">
        <ele>701.3</ele>
      </trkpt>
      <trkpt lat="50.69009" lon="15.7713">
        <ele>702.7</ele>
      </trkpt>
      <trkpt lat="50.68915" lon="15.76501">
        <ele>708.5</ele>
      </trkpt>
      <trkpt lat="50.6892" lon="15.7624">
        <ele>720.5</ele>
      </trkpt>
      <trkpt lat="50.69003" lon="15.75772">
        <ele>728.5</ele>
      </trkpt>
      <trkpt lat="50.69087" lon="15.7546">
        <ele>736.3</ele>
      </trkpt>
      <trkpt lat="50.6918" lon="15.74934">
        <ele>746.7</ele>
      </trkpt>
      <trkpt lat="50.69365" lon="15.74545">
        <ele>761.5</ele>
      </trkpt>
      <trkpt lat="50.69484" lon="15.74392">
        <ele>777.0</ele>
      </trkpt>
      <trkpt lat="50.69515" lon="15.74306">
        <ele>776.1</ele>
      </trkpt>
      <trkpt lat="50.69546" lon="15.73888">
        <ele>780.5</ele>
      </trkpt>
      <trkpt lat="50.69516" lon="15.73676">
        <ele>787.8</ele>
      </trkpt>
      <trkpt lat="50.6947" lon="15.73512">
        <ele>786.6</ele>
      </trkpt>
      <trkpt lat="50.69408" lon="15.73364">
        <ele>787.2</ele>
      </trkpt>
      <trkpt lat="50.69315" lon="15.73268">
        <ele>796.6</ele>
      </trkpt>
      <trkpt lat="50.69189" lon="15.73065">
        <ele>802.1</ele>
      </trkpt>
      <trkpt lat="50.69102" lon="15.72964">
        <ele>806.1</ele>
      </trkpt>
      <trkpt lat="50.69007" lon="15.72901">
        <ele>820.4</ele>
      </trkpt>
      <trkpt lat="50.68838" lon="15.72725">
        <ele>833.1</ele>
      </trkpt>
      <trkpt lat="50.68805" lon="15.72741">
        <ele>836.8</ele>
      </trkpt>
      <trkpt lat="50.68782" lon="15.72708">
        <ele>840.6</ele>
      </trkpt>
      <trkpt lat="50.68644" lon="15.72626">
        <ele>870.2</ele>
      </trkpt>
      <trkpt lat="50.68559" lon="15.72518">
        <ele>884.6</ele>
      </trkpt>
      <trkpt lat="50.68554" lon="15.7248">
        <ele>887.6</ele>
      </trkpt>
      <trkpt lat="50.68593" lon="15.72507">
        <ele>882.3</ele>
      </trkpt>
      <trkpt lat="50.68601" lon="15.7249">
        <ele>883.7</ele>
      </trkpt>
      <trkpt lat="50.6857" lon="15.723">
        <ele>903.2</ele>
      </trkpt>
      <trkpt lat="50.68474" lon="15.72211">
        <ele>905.8</ele>
      </trkpt>
      <trkpt lat="50.68405" lon="15.72189">
        <ele>909.1</ele>
      </trkpt>
      <trkpt lat="50.68276" lon="15.71783">
        <ele>963.7</ele>
      </trkpt>
      <trkpt lat="50.68286" lon="15.71661">
        <ele>966.7</ele>
      </trkpt>
      <trkpt lat="50.68269" lon="15.71631">
        <ele>975.6</ele>
      </trkpt>
      <trkpt lat="50.68231" lon="15.71655">
        <ele>982.1</ele>
      </trkpt>
      <trkpt lat="50.68214" lon="15.71855">
        <ele>980.8</ele>
      </trkpt>
      <trkpt lat="50.68121" lon="15.71914">
        <ele>998.7</ele>
      </trkpt>
      <trkpt lat="50.68139" lon="15.71762">
        <ele>1010.0</ele>
      </trkpt>
      <trkpt lat="50.68082" lon="15.71547">
        <ele>1045.9</ele>
      </trkpt>
      <trkpt lat="50.6798" lon="15.71609">
        <ele>1066.6</ele>
      </trkpt>
      <trkpt lat="50.67937" lon="15.7161">
        <ele>1076.2</ele>
      </trkpt>
      <trkpt lat="50.67798" lon="15.71373">
        <ele>1100.5</ele>
      </trkpt>
      <trkpt lat="50.67785" lon="15.71289">
        <ele>1101.6</ele>
      </trkpt>
      <trkpt lat="50.67795" lon="15.70943">
        <ele>1112.2</ele>
      </trkpt>
      <trkpt lat="50.67704" lon="15.70969">
        <ele>1102.0</ele>
      </trkpt>
      <trkpt lat="50.67607" lon="15.7114">
        <ele>1092.1</ele>
      </trkpt>
      <trkpt lat="50.67182" lon="15.69979">
        <ele>1073.4</ele>
      </trkpt>
      <trkpt lat="50.67054" lon="15.69676">
        <ele>1046.6</ele>
      </trkpt>
      <trkpt lat="50.66845" lon="15.69604">
        <ele>1031.8</ele>
      </trkpt>
      <trkpt lat="50.66533" lon="15.69536">
        <ele>1033.0</ele>
      </trkpt>
      <trkpt lat="50.66485" lon="15.69594">
        <ele>1028.1</ele>
      </trkpt>
      <trkpt lat="50.66447" lon="15.69748">
        <ele>1017.8</ele>
      </trkpt>
      <trkpt lat="50.66399" lon="15.69824">
        <ele>1007.4</ele>
      </trkpt>
      <trkpt lat="50.6632" lon="15.69647">
        <ele>1003.8</ele>
      </trkpt>
      <trkpt lat="50.66123" lon="15.6948">
        <ele>999.4</ele>
      </trkpt>
      <trkpt lat="50.66065" lon="15.69314">
        <ele>998.4</ele>
      </trkpt>
      <trkpt lat="50.66048" lon="15.69207">
        <ele>996.2</ele>
      </trkpt>
      <trkpt lat="50.66067" lon="15.69057">
        <ele>986.7</ele>
      </trkpt>
      <trkpt lat="50.66214" lon="15.68708">
        <ele>962.4</ele>
      </trkpt>
      <trkpt lat="50.66268" lon="15.68408">
        <ele>949.3</ele>
      </trkpt>
      <trkpt lat="50.66241" lon="15.68181">
        <ele>931.8</ele>
      </trkpt>
      <trkpt lat="50.66178" lon="15.67976">
        <ele>916.2</ele>
      </trkpt>
      <trkpt lat="50.66084" lon="15.67704">
        <ele>896.4</ele>
      </trkpt>
      <trkpt lat="50.65952" lon="15.67477">
        <ele>875.6</ele>
      </trkpt>
      <trkpt lat="50.65935" lon="15.67228">
        <ele>867.9</ele>
      </trkpt>
      <trkpt lat="50.65958" lon="15.67168">
        <ele>864.6</ele>
      </trkpt>
      <trkpt lat="50.66063" lon="15.67129">
        <ele>864.0</ele>
      </trkpt>
      <trkpt lat="50.66284" lon="15.67161">
        <ele>851.3</ele>
      </trkpt>
      <trkpt lat="50.66443" lon="15.67257">
        <ele>855.3</ele>
      </trkpt>
      <trkpt lat="50.66593" lon="15.67301">
        <ele>848.7</ele>
      </trkpt>
      <trkpt lat="50.66634" lon="15.6733">
        <ele>850.0</ele>
      </trkpt>
      <trkpt lat="50.66693" lon="15.67563">
        <ele>846.5</ele>
      </trkpt>
      <trkpt lat="50.66731" lon="15.67638">
        <ele>845.3</ele>
      </trkpt>
      <trkpt lat="50.66825" lon="15.67711">
        <ele>836.1</ele>
      </trkpt>
      <trkpt lat="50.66846" lon="15.67805">
        <ele>835.5</ele>
      </trkpt>
      <trkpt lat="50.66818" lon="15.67989">
        <ele>842.1</ele>
      </trkpt>
      <trkpt lat="50.66751" lon="15.68202">
        <ele>860.3</ele>
      </trkpt>
      <trkpt lat="50.66751" lon="15.68417">
        <ele>859.9</ele>
      </trkpt>
      <trkpt lat="50.6677" lon="15.68511">
        <ele>866.1</ele>
      </trkpt>
      <trkpt lat="50.66797" lon="15.68507">
        <ele>864.5</ele>
      </trkpt>
      <trkpt lat="50.66871" lon="15.68395">
        <ele>846.9</ele>
      </trkpt>
      <trkpt lat="50.66937" lon="15.68358">
        <ele>844.6</ele>
      </trkpt>
      <trkpt lat="50.67086" lon="15.68335">
        <ele>842.6</ele>
      </trkpt>
      <trkpt lat="50.6727" lon="15.6827">
        <ele>824.5</ele>
      </trkpt>
      <trkpt lat="50.67316" lon="15.68321">
        <ele>823.1</ele>
      </trkpt>
      <trkpt lat="50.67395" lon="15.68571">
        <ele>831.3</ele>
      </trkpt>
      <trkpt lat="50.67435" lon="15.68617">
        <ele>830.2</ele>
      </trkpt>
      <trkpt lat="50.67455" lon="15.68592">
        <ele>828.6</ele>
      </trkpt>
      <trkpt lat="50.67445" lon="15.68503">
        <ele>819.4</ele>
      </trkpt>
      <trkpt lat="50.67525" lon="15.68105">
        <ele>804.0</ele>
      </trkpt>
      <trkpt lat="50.67616" lon="15.68053">
        <ele>819.6</ele>
      </trkpt>
      <trkpt lat="50.67631" lon="15.68018">
        <ele>820.7</ele>
      </trkpt>
      <trkpt lat="50.67432" lon="15.67695">
        <ele>810.3</ele>
      </trkpt>
      <trkpt lat="50.67406" lon="15.67301">
        <ele>797.0</ele>
      </trkpt>
      <trkpt lat="50.67456" lon="15.66877">
        <ele>776.6</ele>
      </trkpt>
      <trkpt lat="50.67508" lon="15.66808">
        <ele>771.3</ele>
      </trkpt>
      <trkpt lat="50.67634" lon="15.66785">
        <ele>773.5</ele>
      </trkpt>
      <trkpt lat="50.67759" lon="15.66738">
        <ele>767.0</ele>
      </trkpt>
      <trkpt lat="50.67847" lon="15.667">
        <ele>759.6</ele>
      </trkpt>
      <trkpt lat="50.67919" lon="15.66636">
        <ele>762.7</ele>
      </trkpt>
      <trkpt lat="50.68026" lon="15.66631">
        <ele>774.2</ele>
      </trkpt>
      <trkpt lat="50.68074" lon="15.66662">
        <ele>777.5</ele>
      </trkpt>
      <trkpt lat="50.68088" lon="15.66652">
        <ele>778.7</ele>
      </trkpt>
      <trkpt lat="50.68072" lon="15.66553">
        <ele>783.1</ele>
      </trkpt>
      <trkpt lat="50.67988" lon="15.66468">
        <ele>784.4</ele>
      </trkpt>
      <trkpt lat="50.67897" lon="15.66426">
        <ele>790.7</ele>
      </trkpt>
      <trkpt lat="50.67794" lon="15.6644">
        <ele>788.1</ele>
      </trkpt>
      <trkpt lat="50.67756" lon="15.6643">
        <ele>788.4</ele>
      </trkpt>
      <trkpt lat="50.67592" lon="15.66289">
        <ele>796.5</ele>
      </trkpt>
      <trkpt lat="50.67413" lon="15.66197">
        <ele>791.7</ele>
      </trkpt>
      <trkpt lat="50.67319" lon="15.6585">
        <ele>793.2</ele>
      </trkpt>
      <trkpt lat="50.67284" lon="15.65789">
        <ele>796.1</ele>
      </trkpt>
      <trkpt lat="50.6721" lon="15.65739">
        <ele>797.7</ele>
      </trkpt>
      <trkpt lat="50.67035" lon="15.65676">
        <ele>807.5</ele>
      </trkpt>
      <trkpt lat="50.66884" lon="15.65661">
        <ele>806.4</ele>
      </trkpt>
      <trkpt lat="50.66797" lon="15.65557">
        <ele>812.2</ele>
      </trkpt>
      <trkpt lat="50.66762" lon="15.65445">
        <ele>818.2</ele>
      </trkpt>
      <trkpt lat="50.66786" lon="15.65247">
        <ele>828.2</ele>
      </trkpt>
      <trkpt lat="50.66788" lon="15.65003">
        <ele>829.6</ele>
      </trkpt>
      <trkpt lat="50.66751" lon="15.64841">
        <ele>823.2</ele>
      </trkpt>
      <trkpt lat="50.66722" lon="15.64482">
        <ele>828.6</ele>
      </trkpt>
      <trkpt lat="50.6665" lon="15.64199">
        <ele>829.8</ele>
      </trkpt>
      <trkpt lat="50.66694" lon="15.64108">
        <ele>827.8</ele>
      </trkpt>
      <trkpt lat="50.66741" lon="15.64069">
        <ele>824.8</ele>
      </trkpt>
      <trkpt lat="50.6679" lon="15.64059">
        <ele>821.9</ele>
      </trkpt>
      <trkpt lat="50.66848" lon="15.64071">
        <ele>819.1</ele>
      </trkpt>
      <trkpt lat="50.67031" lon="15.64169">
        <ele>811.5</ele>
      </trkpt>
      <trkpt lat="50.67315" lon="15.64486">
        <ele>805.6</ele>
      </trkpt>
      <trkpt lat="50.67573" lon="15.64813">
        <ele>809.4</ele>
      </trkpt>
      <trkpt lat="50.67781" lon="15.64918">
        <ele>833.6</ele>
      </trkpt>
      <trkpt lat="50.67797" lon="15.6491">
        <ele>833.7</ele>
      </trkpt>
      <trkpt lat="50.67804" lon="15.64863">
        <ele>830.2</ele>
      </trkpt>
      <trkpt lat="50.67729" lon="15.64768">
        <ele>820.4</ele>
      </trkpt>
      <trkpt lat="50.67712" lon="15.6472">
        <ele>817.8</ele>
      </trkpt>
      <trkpt lat="50.6782" lon="15.64287">
        <ele>831.5</ele>
      </trkpt>
      <trkpt lat="50.67835" lon="15.64143">
        <ele>829.9</ele>
      </trkpt>
      <trkpt lat="50.67829" lon="15.64033">
        <ele>830.9</ele>
      </trkpt>
      <trkpt lat="50.67715" lon="15.63584">
        <ele>823.8</ele>
      </trkpt>
      <trkpt lat="50.67709" lon="15.63467">
        <ele>824.4</ele>
      </trkpt>
      <trkpt lat="50.67772" lon="15.63201">
        <ele>829.8</ele>
      </trkpt>
      <trkpt lat="50.67771" lon="15.6274">
        <ele>803.4</ele>
      </trkpt>
      <trkpt lat="50.67668" lon="15.62423">
        <ele>795.7</ele>
      </trkpt>
      <trkpt lat="50.67846" lon="15.62191">
        <ele>783.0</ele>
      </trkpt>
      <trkpt lat="50.67958" lon="15.62119">
        <ele>792.5</ele>
      </trkpt>
      <trkpt lat="50.68052" lon="15.61987">
        <ele>792.2</ele>
      </trkpt>
      <trkpt lat="50.68065" lon="15.61931">
        <ele>789.7</ele>
      </trkpt>
      <trkpt lat="50.68047" lon="15.61904">
        <ele>784.9</ele>
      </trkpt>
      <trkpt lat="50.67954" lon="15.61954">
        <ele>774.4</ele>
      </trkpt>
      <trkpt lat="50.67872" lon="15.62051">
        <ele>771.2</ele>
      </trkpt>
      <trkpt lat="50.67634" lon="15.62068">
        <ele>764.8</ele>
      </trkpt>
      <trkpt lat="50.67549" lon="15.61987">
        <ele>755.3</ele>
      </trkpt>
      <trkpt lat="50.67354" lon="15.61923">
        <ele>760.9</ele>
      </trkpt>
      <trkpt lat="50.67191" lon="15.61801">
        <ele>764.1</ele>
      </trkpt>
      <trkpt lat="50.67105" lon="15.61798">
        <ele>768.3</ele>
      </trkpt>
      <trkpt lat="50.66996" lon="15.61831">
        <ele>769.2</ele>
      </trkpt>
      <trkpt lat="50.66871" lon="15.61798">
        <ele>767.0</ele>
      </trkpt>
      <trkpt lat="50.66744" lon="15.6173">
        <ele>763.0</ele>
      </trkpt>
      <trkpt lat="50.66669" lon="15.6164">
        <ele>768.9</ele>
      </trkpt>
      <trkpt lat="50.66578" lon="15.61568">
        <ele>773.0</ele>
      </trkpt>
      <trkpt lat="50.66423" lon="15.61483">
        <ele>780.0</ele>
      </trkpt>
      <trkpt lat="50.66231" lon="15.61505">
        <ele>792.0</ele>
      </trkpt>
      <trkpt lat="50.66135" lon="15.6156">
        <ele>796.7</ele>
      </trkpt>
      <trkpt lat="50.6608" lon="15.6156">
        <ele>797.8</ele>
      </trkpt>
      <trkpt lat="50.66066" lon="15.615">
        <ele>794.4</ele>
      </trkpt>
      <trkpt lat="50.66175" lon="15.61296">
        <ele>768.8</ele>
      </trkpt>
      <trkpt lat="50.66211" lon="15.61167">
        <ele>763.0</ele>
      </trkpt>
      <trkpt lat="50.66245" lon="15.60723">
        <ele>751.5</ele>
      </trkpt>
      <trkpt lat="50.66296" lon="15.60558">
        <ele>749.7</ele>
      </trkpt>
      <trkpt lat="50.6628" lon="15.60531">
        <ele>743.7</ele>
      </trkpt>
      <trkpt lat="50.66195" lon="15.60648">
        <ele>734.1</ele>
      </trkpt>
      <trkpt lat="50.66121" lon="15.60914">
        <ele>723.5</ele>
      </trkpt>
      <trkpt lat="50.66063" lon="15.60986">
        <ele>717.9</ele>
      </trkpt>
      <trkpt lat="50.65953" lon="15.61017">
        <ele>717.9</ele>
      </trkpt>
      <trkpt lat="50.65765" lon="15.60913">
        <ele>707.6</ele>
      </trkpt>
      <trkpt lat="50.65732" lon="15.6091">
        <ele>703.3</ele>
      </trkpt>
      <trkpt lat="50.65489" lon="15.61084">
        <ele>679.8</ele>
      </trkpt>
      <trkpt lat="50.65367" lon="15.6114">
        <ele>667.2</ele>
      </trkpt>
      <trkpt lat="50.65215" lon="15.61154">
        <ele>649.2</ele>
      </trkpt>
      <trkpt lat="50.65065" lon="15.61229">
        <ele>640.0</ele>
      </trkpt>
      <trkpt lat="50.64857" lon="15.61272">
        <ele>620.0</ele>
      </trkpt>
      <trkpt lat="50.64769" lon="15.61343">
        <ele>616.0</ele>
      </trkpt>
      <trkpt lat="50.6461" lon="15.61555">
        <ele>601.5</ele>
      </trkpt>
      <trkpt lat="50.64589" lon="15.6155">
        <ele>598.1</ele>
      </trkpt>
      <trkpt lat="50.64583" lon="15.61498">
        <ele>595.7</ele>
      </trkpt>
      <trkpt lat="50.64682" lon="15.61153">
        <ele>574.6</ele>
      </trkpt>
      <trkpt lat="50.64958" lon="15.6064">
        <ele>543.6</ele>
      </trkpt>
      <trkpt lat="50.64952" lon="15.606">
        <ele>537.6</ele>
      </trkpt>
      <trkpt lat="50.64763" lon="15.60707">
        <ele>523.8</ele>
      </trkpt>
      <trkpt lat="50.64727" lon="15.60699">
        <ele>519.5</ele>
      </trkpt>
      <trkpt lat="50.64511" lon="15.60817">
        <ele>514.9</ele>
      </trkpt>
      <trkpt lat="50.64241" lon="15.60924">
        <ele>520.4</ele>
      </trkpt>
      <trkpt lat="50.64214" lon="15.60867">
        <ele>510.6</ele>
      </trkpt>
      <trkpt lat="50.63911" lon="15.60846">
        <ele>508.7</ele>
      </trkpt>
      <trkpt lat="50.63933" lon="15.60781">
        <ele>508.7</ele>
      </trkpt>
      <trkpt lat="50.64033" lon="15.60666">
        <ele>509.3</ele>
      </trkpt>
      <trkpt lat="50.6406" lon="15.60422">
        <ele>524.0</ele>
      </trkpt>
      <trkpt lat="50.64177" lon="15.60123">
        <ele>539.4</ele>
      </trkpt>
      <trkpt lat="50.6423" lon="15.59781">
        <ele>563.7</ele>
      </trkpt>
      <trkpt lat="50.64209" lon="15.59542">
        <ele>566.8</ele>
      </trkpt>
      <trkpt lat="50.6423" lon="15.59529">
        <ele>566.9</ele>
      </trkpt>
      <trkpt lat="50.64284" lon="15.59597">
        <ele>566.8</ele>
      </trkpt>
      <trkpt lat="50.64315" lon="15.59575">
        <ele>570.4</ele>
      </trkpt>
      <trkpt lat="50.64498" lon="15.59061">
        <ele>593.9</ele>
      </trkpt>
      <trkpt lat="50.64495" lon="15.59037">
        <ele>596.2</ele>
      </trkpt>
      <trkpt lat="50.64475" lon="15.59031">
        <ele>602.2</ele>
      </trkpt>
      <trkpt lat="50.64409" lon="15.59179">
        <ele>603.6</ele>
      </trkpt>
      <trkpt lat="50.64321" lon="15.59284">
        <ele>597.8</ele>
      </trkpt>
      <trkpt lat="50.64299" lon="15.59273">
        <ele>596.7</ele>
      </trkpt>
      <trkpt lat="50.64281" lon="15.59113">
        <ele>605.2</ele>
      </trkpt>
      <trkpt lat="50.64384" lon="15.58783">
        <ele>622.5</ele>
      </trkpt>
      <trkpt lat="50.6444" lon="15.58497">
        <ele>645.2</ele>
      </trkpt>
      <trkpt lat="50.64478" lon="15.58145">
        <ele>662.1</ele>
      </trkpt>
      <trkpt lat="50.64515" lon="15.58049">
        <ele>670.0</ele>
      </trkpt>
      <trkpt lat="50.64515" lon="15.58004">
        <ele>670.7</ele>
      </trkpt>
      <trkpt lat="50.64438" lon="15.57896">
        <ele>672.9</ele>
      </trkpt>
      <trkpt lat="50.64376" lon="15.57909">
        <ele>673.9</ele>
      </trkpt>
      <trkpt lat="50.64255" lon="15.58062">
        <ele>676.2</ele>
      </trkpt>
      <trkpt lat="50.64218" lon="15.58155">
        <ele>677.3</ele>
      </trkpt>
      <trkpt lat="50.64197" lon="15.58169">
        <ele>679.5</ele>
      </trkpt>
      <trkpt lat="50.64185" lon="15.58137">
        <ele>683.3</ele>
      </trkpt>
      <trkpt lat="50.64219" lon="15.57975">
        <ele>687.3</ele>
      </trkpt>
      <trkpt lat="50.64401" lon="15.57504">
        <ele>710.4</ele>
      </trkpt>
      <trkpt lat="50.64431" lon="15.57468">
        <ele>713.5</ele>
      </trkpt>
      <trkpt lat="50.64534" lon="15.57415">
        <ele>716.3</ele>
      </trkpt>
      <trkpt lat="50.64548" lon="15.57377">
        <ele>719.1</ele>
      </trkpt>
      <trkpt lat="50.64547" lon="15.57049">
        <ele>718.4</ele>
      </trkpt>
      <trkpt lat="50.64436" lon="15.56491">
        <ele>710.2</ele>
      </trkpt>
      <trkpt lat="50.64406" lon="15.56222">
        <ele>683.6</ele>
      </trkpt>
      <trkpt lat="50.64364" lon="15.56175">
        <ele>684.5</ele>
      </trkpt>
      <trkpt lat="50.64359" lon="15.56141">
        <ele>683.1</ele>
      </trkpt>
      <trkpt lat="50.64387" lon="15.56126">
        <ele>677.4</ele>
      </trkpt>
      <trkpt lat="50.64427" lon="15.56158">
        <ele>672.2</ele>
      </trkpt>
      <trkpt lat="50.64527" lon="15.56433">
        <ele>674.6</ele>
      </trkpt>
      <trkpt lat="50.64556" lon="15.56451">
        <ele>670.4</ele>
      </trkpt>
      <trkpt lat="50.64578" lon="15.56412">
        <ele>661.7</ele>
      </trkpt>
      <trkpt lat="50.64658" lon="15.56077">
        <ele>646.7</ele>
      </trkpt>
      <trkpt lat="50.64622" lon="15.55819">
        <ele>630.1</ele>
      </trkpt>
      <trkpt lat="50.64607" lon="15.5581">
        <ele>628.2</ele>
      </trkpt>
      <trkpt lat="50.64592" lon="15.55828">
        <ele>628.3</ele>
      </trkpt>
      <trkpt lat="50.64592" lon="15.55939">
        <ele>631.9</ele>
      </trkpt>
      <trkpt lat="50.64564" lon="15.55973">
        <ele>633.8</ele>
      </trkpt>
      <trkpt lat="50.64549" lon="15.55947">
        <ele>634.1</ele>
      </trkpt>
      <trkpt lat="50.64547" lon="15.55785">
        <ele>628.4</ele>
      </trkpt>
      <trkpt lat="50.64663" lon="15.55433">
        <ele>603.1</ele>
      </trkpt>
      <trkpt lat="50.64675" lon="15.55416">
        <ele>601.3</ele>
      </trkpt>
      <trkpt lat="50.64733" lon="15.55419">
        <ele>604.4</ele>
      </trkpt>
      <trkpt lat="50.64746" lon="15.55394">
        <ele>602.9</ele>
      </trkpt>
      <trkpt lat="50.64695" lon="15.55283">
        <ele>595.2</ele>
      </trkpt>
      <trkpt lat="50.64699" lon="15.54964">
        <ele>591.6</ele>
      </trkpt>
      <trkpt lat="50.6458" lon="15.54745">
        <ele>579.3</ele>
      </trkpt>
      <trkpt lat="50.64497" lon="15.54477">
        <ele>564.6</ele>
      </trkpt>
      <trkpt lat="50.64503" lon="15.54441">
        <ele>569.5</ele>
      </trkpt>
      <trkpt lat="50.64554" lon="15.54438">
        <ele>577.5</ele>
      </trkpt>
      <trkpt lat="50.64557" lon="15.54391">
        <ele>584.2</ele>
      </trkpt>
      <trkpt lat="50.64512" lon="15.54376">
        <ele>578.8</ele>
      </trkpt>
      <trkpt lat="50.64407" lon="15.54393">
        <ele>567.2</ele>
      </trkpt>
      <trkpt lat="50.64303" lon="15.54367">
        <ele>560.5</ele>
      </trkpt>
      <trkpt lat="50.64218" lon="15.54194">
        <ele>554.8</ele>
      </trkpt>
      <trkpt lat="50.64146" lon="15.54126">
        <ele>551.2</ele>
      </trkpt>
      <trkpt lat="50.64082" lon="15.54125">
        <ele>544.8</ele>
      </trkpt>
      <trkpt lat="50.63978" lon="15.54161">
        <ele>523.5</ele>
      </trkpt>
      <trkpt lat="50.63924" lon="15.54123">
        <ele>516.6</ele>
      </trkpt>
      <trkpt lat="50.63877" lon="15.5399">
        <ele>513.0</ele>
      </trkpt>
      <trkpt lat="50.63855" lon="15.53826">
        <ele>507.9</ele>
      </trkpt>
      <trkpt lat="50.63891" lon="15.53536">
        <ele>506.6</ele>
      </trkpt>
      <trkpt lat="50.63904" lon="15.53212">
        <ele>496.2</ele>
      </trkpt>
      <trkpt lat="50.6386" lon="15.529">
        <ele>488.7</ele>
      </trkpt>
      <trkpt lat="50.63662" lon="15.52629">
        <ele>473.2</ele>
      </trkpt>
      <trkpt lat="50.63553" lon="15.52567">
        <ele>465.6</ele>
      </trkpt>
      <trkpt lat="50.63399" lon="15.52424">
        <ele>449.6</ele>
      </trkpt>
      <trkpt lat="50.63343" lon="15.52313">
        <ele>446.3</ele>
      </trkpt>
      <trkpt lat="50.63282" lon="15.52071">
        <ele>444.6</ele>
      </trkpt>
      <trkpt lat="50.63214" lon="15.51993">
        <ele>439.8</ele>
      </trkpt>
      <trkpt lat="50.6319" lon="15.51898">
        <ele>443.6</ele>
      </trkpt>
      <trkpt lat="50.62989" lon="15.51857">
        <ele>449.6</ele>
      </trkpt>
      <trkpt lat="50.62845" lon="15.51668">
        <ele>444.4</ele>
      </trkpt>
      <trkpt lat="50.62996" lon="15.51735">
        <ele>465.5</ele>
      </trkpt>
      <trkpt lat="50.6306" lon="15.51735">
        <ele>473.5</ele>
      </trkpt>
      <trkpt lat="50.63139" lon="15.51706">
        <ele>477.0</ele>
      </trkpt>
      <trkpt lat="50.63312" lon="15.51518">
        <ele>488.0</ele>
      </trkpt>
      <trkpt lat="50.63569" lon="15.51164">
        <ele>527.4</ele>
      </trkpt>
      <trkpt lat="50.63649" lon="15.50909">
        <ele>550.7</ele>
      </trkpt>
      <trkpt lat="50.6368" lon="15.50863">
        <ele>553.2</ele>
      </trkpt>
      <trkpt lat="50.63731" lon="15.50839">
        <ele>555.5</ele>
      </trkpt>
      <trkpt lat="50.63787" lon="15.50892">
        <ele>554.6</ele>
      </trkpt>
      <trkpt lat="50.63809" lon="15.50894">
        <ele>556.4</ele>
      </trkpt>
      <trkpt lat="50.6388" lon="15.50812">
        <ele>565.1</ele>
      </trkpt>
      <trkpt lat="50.63966" lon="15.50765">
        <ele>571.0</ele>
      </trkpt>
      <trkpt lat="50.64215" lon="15.50414">
        <ele>594.5</ele>
      </trkpt>
      <trkpt lat="50.64354" lon="15.50341">
        <ele>613.7</ele>
      </trkpt>
      <trkpt lat="50.64525" lon="15.50305">
        <ele>636.2</ele>
      </trkpt>
      <trkpt lat="50.64616" lon="15.50344">
        <ele>643.4</ele>
      </trkpt>
      <trkpt lat="50.64875" lon="15.50339">
        <ele>634.3</ele>
      </trkpt>
      <trkpt lat="50.65051" lon="15.50228">
        <ele>644.0</ele>
      </trkpt>
      <trkpt lat="50.65431" lon="15.50313">
        <ele>686.9</ele>
      </trkpt>
      <trkpt lat="50.6562" lon="15.5046">
        <ele>687.2</ele>
      </trkpt>
      <trkpt lat="50.65803" lon="15.50664">
        <ele>696.1</ele>
      </trkpt>
      <trkpt lat="50.65855" lon="15.50694">
        <ele>697.6</ele>
      </trkpt>
      <trkpt lat="50.66055" lon="15.50722">
        <ele>704.9</ele>
      </trkpt>
      <trkpt lat="50.6628" lon="15.50672">
        <ele>722.2</ele>
      </trkpt>
      <trkpt lat="50.66394" lon="15.50477">
        <ele>736.2</ele>
      </trkpt>
      <trkpt lat="50.66426" lon="15.50464">
        <ele>740.1</ele>
      </trkpt>
      <trkpt lat="50.66539" lon="15.50542">
        <ele>745.5</ele>
      </trkpt>
      <trkpt lat="50.66616" lon="15.50567">
        <ele>748.1</ele>
      </trkpt>
      <trkpt lat="50.66895" lon="15.50567">
        <ele>759.9</ele>
      </trkpt>
      <trkpt lat="50.6699" lon="15.50613">
        <ele>772.5</ele>
      </trkpt>
      <trkpt lat="50.67228" lon="15.50786">
        <ele>776.3</ele>
      </trkpt>
      <trkpt lat="50.67382" lon="15.50762">
        <ele>776.9</ele>
      </trkpt>
      <trkpt lat="50.67529" lon="15.50856">
        <ele>772.0</ele>
      </trkpt>
      <trkpt lat="50.67593" lon="15.50873">
        <ele>765.7</ele>
      </trkpt>
      <trkpt lat="50.67745" lon="15.50846">
        <ele>764.0</ele>
      </trkpt>
      <trkpt lat="50.67862" lon="15.50621">
        <ele>765.6</ele>
      </trkpt>
      <trkpt lat="50.67906" lon="15.50311">
        <ele>776.5</ele>
      </trkpt>
      <trkpt lat="50.67946" lon="15.50244">
        <ele>783.2</ele>
      </trkpt>
      <trkpt lat="50.67967" lon="15.50237">
        <ele>786.2</ele>
      </trkpt>
      <trkpt lat="50.68003" lon="15.50262">
        <ele>791.5</ele>
      </trkpt>
      <trkpt lat="50.68076" lon="15.50356">
        <ele>799.6</ele>
      </trkpt>
      <trkpt lat="50.68421" lon="15.50289">
        <ele>820.8</ele>
      </trkpt>
      <trkpt lat="50.68448" lon="15.503">
        <ele>823.6</ele>
      </trkpt>
      <trkpt lat="50.6848" lon="15.50372">
        <ele>826.4</ele>
      </trkpt>
      <trkpt lat="50.68557" lon="15.50473">
        <ele>831.3</ele>
      </trkpt>
      <trkpt lat="50.68807" lon="15.50571">
        <ele>850.4</ele>
      </trkpt>
      <trkpt lat="50.68931" lon="15.50588">
        <ele>850.7</ele>
      </trkpt>
      <trkpt lat="50.69036" lon="15.50664">
        <ele>855.5</ele>
      </trkpt>
      <trkpt lat="50.69416" lon="15.5107">
        <ele>865.8</ele>
      </trkpt>
      <trkpt lat="50.69576" lon="15.51332">
        <ele>869.7</ele>
      </trkpt>
      <trkpt lat="50.69661" lon="15.51421">
        <ele>872.0</ele>
      </trkpt>
      <trkpt lat="50.70011" lon="15.51476">
        <ele>865.6</ele>
      </trkpt>
      <trkpt lat="50.70151" lon="15.51616">
        <ele>874.6</ele>
      </trkpt>
      <trkpt lat="50.70326" lon="15.51637">
        <ele>878.0</ele>
      </trkpt>
      <trkpt lat="50.70398" lon="15.51612">
        <ele>874.0</ele>
      </trkpt>
      <trkpt lat="50.70509" lon="15.51518">
        <ele>868.4</ele>
      </trkpt>
      <trkpt lat="50.70652" lon="15.5147">
        <ele>870.8</ele>
      </trkpt>
      <trkpt lat="50.70693" lon="15.50925">
        <ele>866.4</ele>
      </trkpt>
      <trkpt lat="50.70775" lon="15.50759">
        <ele>872.1</ele>
      </trkpt>
      <trkpt lat="50.70826" lon="15.50738">
        <ele>873.7</ele>
      </trkpt>
      <trkpt lat="50.71089" lon="15.5074">
        <ele>879.0</ele>
      </trkpt>
      <trkpt lat="50.7117" lon="15.5071">
        <ele>878.1</ele>
      </trkpt>
      <trkpt lat="50.71297" lon="15.50547">
        <ele>857.5</ele>
      </trkpt>
      <trkpt lat="50.7142" lon="15.50527">
        <ele>858.6</ele>
      </trkpt>
      <trkpt lat="50.71487" lon="15.50437">
        <ele>864.7</ele>
      </trkpt>
      <trkpt lat="50.71518" lon="15.50305">
        <ele>866.2</ele>
      </trkpt>
      <trkpt lat="50.71498" lon="15.50119">
        <ele>858.2</ele>
      </trkpt>
      <trkpt lat="50.71371" lon="15.4964">
        <ele>847.1</ele>
      </trkpt>
      <trkpt lat="50.71364" lon="15.4952">
        <ele>842.1</ele>
      </trkpt>
      <trkpt lat="50.71404" lon="15.49403">
        <ele>830.3</ele>
      </trkpt>
      <trkpt lat="50.71493" lon="15.49346">
        <ele>823.2</ele>
      </trkpt>
      <trkpt lat="50.71641" lon="15.49345">
        <ele>827.2</ele>
      </trkpt>
      <trkpt lat="50.72056" lon="15.48991">
        <ele>803.4</ele>
      </trkpt>
      <trkpt lat="50.72149" lon="15.48854">
        <ele>790.3</ele>
      </trkpt>
      <trkpt lat="50.72176" lon="15.48785">
        <ele>784.1</ele>
      </trkpt>
      <trkpt lat="50.72254" lon="15.48564">
        <ele>774.3</ele>
      </trkpt>
      <trkpt lat="50.72256" lon="15.48455">
        <ele>772.1</ele>
      </trkpt>
      <trkpt lat="50.72279" lon="15.48456">
        <ele>767.1</ele>
      </trkpt>
      <trkpt lat="50.72437" lon="15.48729">
        <ele>744.4</ele>
      </trkpt>
      <trkpt lat="50.72487" lon="15.48768">
        <ele>737.7</ele>
      </trkpt>
      <trkpt lat="50.72518" lon="15.48764">
        <ele>732.7</ele>
      </trkpt>
      <trkpt lat="50.72694" lon="15.48593">
        <ele>705.7</ele>
      </trkpt>
      <trkpt lat="50.72769" lon="15.4859">
        <ele>700.0</ele>
      </trkpt>
      <trkpt lat="50.72848" lon="15.48617">
        <ele>695.6</ele>
      </trkpt>
      <trkpt lat="50.72851" lon="15.48588">
        <ele>691.0</ele>
      </trkpt>
      <trkpt lat="50.72768" lon="15.48407">
        <ele>675.6</ele>
      </trkpt>
      <trkpt lat="50.72686" lon="15.48343">
        <ele>671.9</ele>
      </trkpt>
      <trkpt lat="50.72685" lon="15.48318">
        <ele>668.7</ele>
      </trkpt>
      <trkpt lat="50.72738" lon="15.48287">
        <ele>661.9</ele>
      </trkpt>
      <trkpt lat="50.72921" lon="15.48329">
        <ele>649.7</ele>
      </trkpt>
      <trkpt lat="50.72853" lon="15.481">
        <ele>634.3</ele>
      </trkpt>
      <trkpt lat="50.72848" lon="15.47913">
        <ele>626.6</ele>
      </trkpt>
      <trkpt lat="50.72907" lon="15.47663">
        <ele>616.1</ele>
      </trkpt>
      <trkpt lat="50.73063" lon="15.47175">
        <ele>601.3</ele>
      </trkpt>
      <trkpt lat="50.73051" lon="15.47069">
        <ele>597.0</ele>
      </trkpt>
      <trkpt lat="50.73014" lon="15.46984">
        <ele>593.8</ele>
      </trkpt>
      <trkpt lat="50.72967" lon="15.46936">
        <ele>594.1</ele>
      </trkpt>
      <trkpt lat="50.72798" lon="15.46861">
        <ele>588.2</ele>
      </trkpt>
      <trkpt lat="50.72739" lon="15.46779">
        <ele>584.5</ele>
      </trkpt>
      <trkpt lat="50.72635" lon="15.46476">
        <ele>576.7</ele>
      </trkpt>
      <trkpt lat="50.72635" lon="15.45986">
        <ele>565.5</ele>
      </trkpt>
      <trkpt lat="50.72759" lon="15.45706">
        <ele>560.4</ele>
      </trkpt>
      <trkpt lat="50.72883" lon="15.4549">
        <ele>553.0</ele>
      </trkpt>
      <trkpt lat="50.72949" lon="15.45279">
        <ele>547.9</ele>
      </trkpt>
      <trkpt lat="50.72872" lon="15.44547">
        <ele>538.5</ele>
      </trkpt>
      <trkpt lat="50.72806" lon="15.44286">
        <ele>535.8</ele>
      </trkpt>
      <trkpt lat="50.72777" lon="15.44046">
        <ele>527.9</ele>
      </trkpt>
      <trkpt lat="50.72662" lon="15.43864">
        <ele>522.0</ele>
      </trkpt>
      <trkpt lat="50.72618" lon="15.43593">
        <ele>514.9</ele>
      </trkpt>
      <trkpt lat="50.72562" lon="15.43379">
        <ele>513.1</ele>
      </trkpt>
      <trkpt lat="50.72379" lon="15.43088">
        <ele>506.6</ele>
      </trkpt>
      <trkpt lat="50.72331" lon="15.42825">
        <ele>499.6</ele>
      </trkpt>
      <trkpt lat="50.72319" lon="15.4256">
        <ele>504.3</ele>
      </trkpt>
      <trkpt lat="50.72293" lon="15.42496">
        <ele>498.4</ele>
      </trkpt>
      <trkpt lat="50.72138" lon="15.42254">
        <ele>489.3</ele>
      </trkpt>
      <trkpt lat="50.72085" lon="15.4224">
        <ele>487.7</ele>
      </trkpt>
      <trkpt lat="50.71921" lon="15.42279">
        <ele>479.4</ele>
      </trkpt>
      <trkpt lat="50.71828" lon="15.42226">
        <ele>472.4</ele>
      </trkpt>
      <trkpt lat="50.71868" lon="15.42011">
        <ele>485.0</ele>
      </trkpt>
      <trkpt lat="50.71969" lon="15.41816">
        <ele>487.5</ele>
      </trkpt>
      <trkpt lat="50.7207" lon="15.4184">
        <ele>490.1</ele>
      </trkpt>
      <trkpt lat="50.72116" lon="15.41831">
        <ele>491.9</ele>
      </trkpt>
      <trkpt lat="50.72203" lon="15.41754">
        <ele>487.8</ele>
      </trkpt>
      <trkpt lat="50.72218" lon="15.41702">
        <ele>481.0</ele>
      </trkpt>
      <trkpt lat="50.72292" lon="15.41669">
        <ele>479.9</ele>
      </trkpt>
      <trkpt lat="50.72345" lon="15.41599">
        <ele>480.2</ele>
      </trkpt>
      <trkpt lat="50.72322" lon="15.41515">
        <ele>481.2</ele>
      </trkpt>
      <trkpt lat="50.72288" lon="15.41489">
        <ele>482.2</ele>
      </trkpt>
      <trkpt lat="50.7216" lon="15.41493">
        <ele>483.6</ele>
      </trkpt>
      <trkpt lat="50.72135" lon="15.41471">
        <ele>484.8</ele>
      </trkpt>
      <trkpt lat="50.72098" lon="15.41323">
        <ele>492.9</ele>
      </trkpt>
      <trkpt lat="50.72132" lon="15.41228">
        <ele>499.2</ele>
      </trkpt>
      <trkpt lat="50.72084" lon="15.4102">
        <ele>507.6</ele>
      </trkpt>
      <trkpt lat="50.71975" lon="15.40841">
        <ele>526.7</ele>
      </trkpt>
      <trkpt lat="50.71941" lon="15.40716">
        <ele>531.9</ele>
      </trkpt>
      <trkpt lat="50.71832" lon="15.40469">
        <ele>545.9</ele>
      </trkpt>
      <trkpt lat="50.71752" lon="15.40004">
        <ele>552.2</ele>
      </trkpt>
      <trkpt lat="50.7177" lon="15.39743">
        <ele>565.6</ele>
      </trkpt>
      <trkpt lat="50.71857" lon="15.39442">
        <ele>578.2</ele>
      </trkpt>
      <trkpt lat="50.72108" lon="15.3913">
        <ele>601.6</ele>
      </trkpt>
      <trkpt lat="50.7214" lon="15.39041">
        <ele>610.7</ele>
      </trkpt>
      <trkpt lat="50.72114" lon="15.38948">
        <ele>618.8</ele>
      </trkpt>
      <trkpt lat="50.72264" lon="15.39072">
        <ele>628.9</ele>
      </trkpt>
      <trkpt lat="50.72268" lon="15.3916">
        <ele>619.1</ele>
      </trkpt>
      <trkpt lat="50.72228" lon="15.39378">
        <ele>629.2</ele>
      </trkpt>
      <trkpt lat="50.72236" lon="15.39501">
        <ele>646.8</ele>
      </trkpt>
      <trkpt lat="50.72339" lon="15.39885">
        <ele>661.6</ele>
      </trkpt>
      <trkpt lat="50.72382" lon="15.39988">
        <ele>662.1</ele>
      </trkpt>
      <trkpt lat="50.72384" lon="15.39762">
        <ele>678.6</ele>
      </trkpt>
      <trkpt lat="50.72423" lon="15.39643">
        <ele>681.7</ele>
      </trkpt>
      <trkpt lat="50.7249" lon="15.39643">
        <ele>684.2</ele>
      </trkpt>
      <trkpt lat="50.72544" lon="15.39614">
        <ele>691.0</ele>
      </trkpt>
      <trkpt lat="50.72693" lon="15.39668">
        <ele>719.4</ele>
      </trkpt>
      <trkpt lat="50.72766" lon="15.39599">
        <ele>734.5</ele>
      </trkpt>
      <trkpt lat="50.7287" lon="15.39433">
        <ele>748.1</ele>
      </trkpt>
      <trkpt lat="50.72925" lon="15.3938">
        <ele>755.8</ele>
      </trkpt>
      <trkpt lat="50.7299" lon="15.39361">
        <ele>764.1</ele>
      </trkpt>
      <trkpt lat="50.73069" lon="15.39429">
        <ele>781.2</ele>
      </trkpt>
      <trkpt lat="50.73102" lon="15.39399">
        <ele>782.2</ele>
      </trkpt>
      <trkpt lat="50.73145" lon="15.39297">
        <ele>785.8</ele>
      </trkpt>
      <trkpt lat="50.73173" lon="15.38905">
        <ele>805.3</ele>
      </trkpt>
      <trkpt lat="50.73202" lon="15.38835">
        <ele>806.8</ele>
      </trkpt>
      <trkpt lat="50.733" lon="15.38781">
        <ele>810.2</ele>
      </trkpt>
      <trkpt lat="50.735" lon="15.38914">
        <ele>804.3</ele>
      </trkpt>
      <trkpt lat="50.73531" lon="15.38919">
        <ele>805.2</ele>
      </trkpt>
      <trkpt lat="50.73634" lon="15.39014">
        <ele>800.4</ele>
      </trkpt>
      <trkpt lat="50.73761" lon="15.39074">
        <ele>812.7</ele>
      </trkpt>
      <trkpt lat="50.7378" lon="15.39102">
        <ele>812.8</ele>
      </trkpt>
      <trkpt lat="50.73815" lon="15.39179">
        <ele>812.7</ele>
      </trkpt>
      <trkpt lat="50.73812" lon="15.39326">
        <ele>813.1</ele>
      </trkpt>
      <trkpt lat="50.7384" lon="15.39499">
        <ele>827.2</ele>
      </trkpt>
      <trkpt lat="50.73808" lon="15.39637">
        <ele>833.6</ele>
      </trkpt>
      <trkpt lat="50.73814" lon="15.39746">
        <ele>839.4</ele>
      </trkpt>
      <trkpt lat="50.74049" lon="15.40097">
        <ele>846.6</ele>
      </trkpt>
      <trkpt lat="50.74083" lon="15.40174">
        <ele>843.6</ele>
      </trkpt>
      <trkpt lat="50.74151" lon="15.4017">
        <ele>848.5</ele>
      </trkpt>
      <trkpt lat="50.74321" lon="15.40078">
        <ele>862.1</ele>
      </trkpt>
      <trkpt lat="50.74388" lon="15.40011">
        <ele>861.9</ele>
      </trkpt>
      <trkpt lat="50.74414" lon="15.39949">
        <ele>859.6</ele>
      </trkpt>
      <trkpt lat="50.74406" lon="15.39805">
        <ele>864.1</ele>
      </trkpt>
      <trkpt lat="50.74371" lon="15.39701">
        <ele>875.3</ele>
      </trkpt>
      <trkpt lat="50.74367" lon="15.39535">
        <ele>882.1</ele>
      </trkpt>
      <trkpt lat="50.74463" lon="15.39239">
        <ele>877.4</ele>
      </trkpt>
      <trkpt lat="50.74487" lon="15.39114">
        <ele>878.8</ele>
      </trkpt>
      <trkpt lat="50.74575" lon="15.3888">
        <ele>870.1</ele>
      </trkpt>
      <trkpt lat="50.74598" lon="15.38888">
        <ele>868.6</ele>
      </trkpt>
      <trkpt lat="50.74792" lon="15.39397">
        <ele>838.6</ele>
      </trkpt>
      <trkpt lat="50.74882" lon="15.39478">
        <ele>840.4</ele>
      </trkpt>
      <trkpt lat="50.75018" lon="15.39651">
        <ele>823.4</ele>
      </trkpt>
      <trkpt lat="50.75115" lon="15.3963">
        <ele>832.2</ele>
      </trkpt>
      <trkpt lat="50.75161" lon="15.3964">
        <ele>828.8</ele>
      </trkpt>
      <trkpt lat="50.75249" lon="15.39689">
        <ele>823.0</ele>
      </trkpt>
      <trkpt lat="50.75374" lon="15.39802">
        <ele>797.4</ele>
      </trkpt>
      <trkpt lat="50.75534" lon="15.39736">
        <ele>775.7</ele>
      </trkpt>
      <trkpt lat="50.75561" lon="15.39706">
        <ele>771.8</ele>
      </trkpt>
      <trkpt lat="50.75574" lon="15.3965">
        <ele>769.8</ele>
      </trkpt>
      <trkpt lat="50.75568" lon="15.39186">
        <ele>773.8</ele>
      </trkpt>
      <trkpt lat="50.75592" lon="15.38923">
        <ele>781.2</ele>
      </trkpt>
      <trkpt lat="50.75559" lon="15.38649">
        <ele>781.1</ele>
      </trkpt>
      <trkpt lat="50.75405" lon="15.38297">
        <ele>792.9</ele>
      </trkpt>
      <trkpt lat="50.75392" lon="15.3821">
        <ele>791.1</ele>
      </trkpt>
      <trkpt lat="50.75366" lon="15.37766">
        <ele>792.7</ele>
      </trkpt>
      <trkpt lat="50.75378" lon="15.37462">
        <ele>788.5</ele>
      </trkpt>
      <trkpt lat="50.75359" lon="15.36829">
        <ele>777.2</ele>
      </trkpt>
      <trkpt lat="50.75276" lon="15.36676">
        <ele>789.8</ele>
      </trkpt>
      <trkpt lat="50.75304" lon="15.36594">
        <ele>789.3</ele>
      </trkpt>
      <trkpt lat="50.7539" lon="15.3652">
        <ele>784.8</ele>
      </trkpt>
      <trkpt lat="50.75494" lon="15.36266">
        <ele>773.2</ele>
      </trkpt>
      <trkpt lat="50.75534" lon="15.36207">
        <ele>772.1</ele>
      </trkpt>
      <trkpt lat="50.75531" lon="15.35944">
        <ele>776.4</ele>
      </trkpt>
      <trkpt lat="50.75646" lon="15.35725">
        <ele>775.5</ele>
      </trkpt>
      <trkpt lat="50.75729" lon="15.35622">
        <ele>780.4</ele>
      </trkpt>
      <trkpt lat="50.75754" lon="15.35515">
        <ele>781.5</ele>
      </trkpt>
      <trkpt lat="50.75819" lon="15.35489">
        <ele>785.6</ele>
      </trkpt>
      <trkpt lat="50.75951" lon="15.35382">
        <ele>790.4</ele>
      </trkpt>
      <trkpt lat="50.76008" lon="15.35384">
        <ele>797.5</ele>
      </trkpt>
      <trkpt lat="50.76213" lon="15.35503">
        <ele>803.4</ele>
      </trkpt>
      <trkpt lat="50.76278" lon="15.35515">
        <ele>802.4</ele>
      </trkpt>
      <trkpt lat="50.76386" lon="15.35496">
        <ele>802.1</ele>
      </trkpt>
      <trkpt lat="50.76477" lon="15.35396">
        <ele>798.6</ele>
      </trkpt>
      <trkpt lat="50.76545" lon="15.35243">
        <ele>794.6</ele>
      </trkpt>
      <trkpt lat="50.76728" lon="15.34925">
        <ele>779.6</ele>
      </trkpt>
      <trkpt lat="50.76847" lon="15.34796">
        <ele>774.7</ele>
      </trkpt>
      <trkpt lat="50.76906" lon="15.34764">
        <ele>771.6</ele>
      </trkpt>
      <trkpt lat="50.76939" lon="15.347">
        <ele>772.3</ele>
      </trkpt>
      <trkpt lat="50.76963" lon="15.34693">
        <ele>774.8</ele>
      </trkpt>
      <trkpt lat="50.77009" lon="15.34737">
        <ele>779.4</ele>
      </trkpt>
      <trkpt lat="50.77105" lon="15.34689">
        <ele>784.5</ele>
      </trkpt>
      <trkpt lat="50.7714" lon="15.34793">
        <ele>779.6</ele>
      </trkpt>
      <trkpt lat="50.77205" lon="15.34816">
        <ele>781.7</ele>
      </trkpt>
      <trkpt lat="50.77229" lon="15.34845">
        <ele>783.0</ele>
      </trkpt>
      <trkpt lat="50.77324" lon="15.35076">
        <ele>789.7</ele>
      </trkpt>
      <trkpt lat="50.77402" lon="15.35122">
        <ele>794.7</ele>
      </trkpt>
      <trkpt lat="50.77444" lon="15.35094">
        <ele>800.2</ele>
      </trkpt>
      <trkpt lat="50.77493" lon="15.34911">
        <ele>810.9</ele>
      </trkpt>
      <trkpt lat="50.77584" lon="15.34802">
        <ele>817.8</ele>
      </trkpt>
      <trkpt lat="50.77627" lon="15.34776">
        <ele>820.1</ele>
      </trkpt>
      <trkpt lat="50.77918" lon="15.3484">
        <ele>832.6</ele>
      </trkpt>
      <trkpt lat="50.78259" lon="15.35095">
        <ele>853.4</ele>
      </trkpt>
      <trkpt lat="50.78307" lon="15.35105">
        <ele>856.0</ele>
      </trkpt>
      <trkpt lat="50.78383" lon="15.34871">
        <ele>871.4</ele>
      </trkpt>
      <trkpt lat="50.78453" lon="15.34747">
        <ele>876.5</ele>
      </trkpt>
      <trkpt lat="50.78484" lon="15.34993">
        <ele>882.3</ele>
      </trkpt>
      <trkpt lat="50.78509" lon="15.35042">
        <ele>883.3</ele>
      </trkpt>
      <trkpt lat="50.78567" lon="15.35096">
        <ele>886.0</ele>
      </trkpt>
      <trkpt lat="50.78634" lon="15.35122">
        <ele>888.0</ele>
      </trkpt>
      <trkpt lat="50.78762" lon="15.35111">
        <ele>891.6</ele>
      </trkpt>
      <trkpt lat="50.78956" lon="15.3513">
        <ele>900.4</ele>
      </trkpt>
      <trkpt lat="50.79013" lon="15.35148">
        <ele>903.2</ele>
      </trkpt>
      <trkpt lat="50.7922" lon="15.3528">
        <ele>910.8</ele>
      </trkpt>
      <trkpt lat="50.7965" lon="15.35274">
        <ele>912.0</ele>
      </trkpt>
      <trkpt lat="50.80146" lon="15.35308">
        <ele>897.6</ele>
      </trkpt>
      <trkpt lat="50.80347" lon="15.35272">
        <ele>908.7</ele>
      </trkpt>
      <trkpt lat="50.80534" lon="15.35199">
        <ele>918.9</ele>
      </trkpt>
      <trkpt lat="50.81096" lon="15.35207">
        <ele>908.3</ele>
      </trkpt>
      <trkpt lat="50.81146" lon="15.35219">
        <ele>907.3</ele>
      </trkpt>
      <trkpt lat="50.81209" lon="15.35283">
        <ele>907.4</ele>
      </trkpt>
      <trkpt lat="50.81277" lon="15.35308">
        <ele>909.5</ele>
      </trkpt>
      <trkpt lat="50.81406" lon="15.35261">
        <ele>910.6</ele>
      </trkpt>
      <trkpt lat="50.815" lon="15.35179">
        <ele>899.6</ele>
      </trkpt>
      <trkpt lat="50.8167" lon="15.34798">
        <ele>870.3</ele>
      </trkpt>
      <trkpt lat="50.81826" lon="15.34674">
        <ele>857.1</ele>
      </trkpt>
      <trkpt lat="50.81818" lon="15.34565">
        <ele>859.5</ele>
      </trkpt>
      <trkpt lat="50.8193" lon="15.34378">
        <ele>862.4</ele>
      </trkpt>
      <trkpt lat="50.82423" lon="15.33885">
        <ele>862.0</ele>
      </trkpt>
      <trkpt lat="50.82482" lon="15.33705">
        <ele>868.3</ele>
      </trkpt>
      <trkpt lat="50.82693" lon="15.33337">
        <ele>867.8</ele>
      </trkpt>
      <trkpt lat="50.82788" lon="15.33223">
        <ele>864.2</ele>
      </trkpt>
      <trkpt lat="50.82944" lon="15.3285">
        <ele>865.9</ele>
      </trkpt>
      <trkpt lat="50.82983" lon="15.32659">
        <ele>866.3</ele>
      </trkpt>
      <trkpt lat="50.83079" lon="15.32567">
        <ele>865.6</ele>
      </trkpt>
      <trkpt lat="50.83207" lon="15.32381">
        <ele>869.0</ele>
      </trkpt>
      <trkpt lat="50.83466" lon="15.31797">
        <ele>884.1</ele>
      </trkpt>
      <trkpt lat="50.83687" lon="15.31604">
        <ele>882.7</ele>
      </trkpt>
      <trkpt lat="50.83806" lon="15.30963">
        <ele>905.5</ele>
      </trkpt>
      <trkpt lat="50.83856" lon="15.30774">
        <ele>911.1</ele>
      </trkpt>
      <trkpt lat="50.83981" lon="15.30518">
        <ele>917.8</ele>
      </trkpt>
      <trkpt lat="50.84113" lon="15.30298">
        <ele>919.9</ele>
      </trkpt>
      <trkpt lat="50.84115" lon="15.30085">
        <ele>920.7</ele>
      </trkpt>
      <trkpt lat="50.84141" lon="15.29897">
        <ele>923.8</ele>
      </trkpt>
      <trkpt lat="50.84076" lon="15.29681">
        <ele>926.8</ele>
      </trkpt>
      <trkpt lat="50.84066" lon="15.29552">
        <ele>927.9</ele>
      </trkpt>
      <trkpt lat="50.84143" lon="15.28987">
        <ele>910.6</ele>
      </trkpt>
      <trkpt lat="50.84205" lon="15.28731">
        <ele>899.7</ele>
      </trkpt>
      <trkpt lat="50.84217" lon="15.28468">
        <ele>889.4</ele>
      </trkpt>
      <trkpt lat="50.84262" lon="15.28269">
        <ele>878.5</ele>
      </trkpt>
      <trkpt lat="50.84232" lon="15.28106">
        <ele>870.1</ele>
      </trkpt>
      <trkpt lat="50.84172" lon="15.2796">
        <ele>861.7</ele>
      </trkpt>
      <trkpt lat="50.84202" lon="15.27645">
        <ele>850.8</ele>
      </trkpt>
      <trkpt lat="50.84268" lon="15.27475">
        <ele>847.9</ele>
      </trkpt>
      <trkpt lat="50.84199" lon="15.27508">
        <ele>853.4</ele>
      </trkpt>
      <trkpt lat="50.83897" lon="15.27575">
        <ele>875.4</ele>
      </trkpt>
      <trkpt lat="50.83791" lon="15.27741">
        <ele>874.2</ele>
      </trkpt>
      <trkpt lat="50.83573" lon="15.28014">
        <ele>884.4</ele>
      </trkpt>
      <trkpt lat="50.83437" lon="15.28113">
        <ele>888.6</ele>
      </trkpt>
      <trkpt lat="50.83363" lon="15.28123">
        <ele>889.7</ele>
      </trkpt>
      <trkpt lat="50.83164" lon="15.2805">
        <ele>891.8</ele>
      </trkpt>
      <trkpt lat="50.83011" lon="15.28043">
        <ele>894.2</ele>
      </trkpt>
      <trkpt lat="50.82884" lon="15.2808">
        <ele>894.9</ele>
      </trkpt>
      <trkpt lat="50.82806" lon="15.28069">
        <ele>896.3</ele>
      </trkpt>
      <trkpt lat="50.8271" lon="15.27988">
        <ele>902.1</ele>
      </trkpt>
      <trkpt lat="50.82627" lon="15.27868">
        <ele>908.0</ele>
      </trkpt>
      <trkpt lat="50.82603" lon="15.27792">
        <ele>911.0</ele>
      </trkpt>
      <trkpt lat="50.82589" lon="15.2764">
        <ele>917.0</ele>
      </trkpt>
      <trkpt lat="50.82657" lon="15.27284">
        <ele>925.5</ele>
      </trkpt>
      <trkpt lat="50.82656" lon="15.27012">
        <ele>933.6</ele>
      </trkpt>
      <trkpt lat="50.82636" lon="15.26949">
        <ele>935.9</ele>
      </trkpt>
      <trkpt lat="50.82513" lon="15.26815">
        <ele>938.8</ele>
      </trkpt>
      <trkpt lat="50.82459" lon="15.26711">
        <ele>941.2</ele>
      </trkpt>
      <trkpt lat="50.82447" lon="15.26508">
        <ele>945.0</ele>
      </trkpt>
      <trkpt lat="50.82479" lon="15.26247">
        <ele>946.9</ele>
      </trkpt>
      <trkpt lat="50.82672" lon="15.25195">
        <ele>962.2</ele>
      </trkpt>
      <trkpt lat="50.82803" lon="15.2483">
        <ele>969.8</ele>
      </trkpt>
      <trkpt lat="50.83031" lon="15.24532">
        <ele>979.0</ele>
      </trkpt>
      <trkpt lat="50.83071" lon="15.24296">
        <ele>985.8</ele>
      </trkpt>
      <trkpt lat="50.83028" lon="15.24137">
        <ele>983.5</ele>
      </trkpt>
      <trkpt lat="50.83" lon="15.23832">
        <ele>981.0</ele>
      </trkpt>
      <trkpt lat="50.83032" lon="15.23702">
        <ele>979.9</ele>
      </trkpt>
      <trkpt lat="50.83139" lon="15.23487">
        <ele>975.6</ele>
      </trkpt>
      <trkpt lat="50.83328" lon="15.23194">
        <ele>974.0</ele>
      </trkpt>
      <trkpt lat="50.83711" lon="15.22878">
        <ele>958.7</ele>
      </trkpt>
      <trkpt lat="50.84213" lon="15.21865">
        <ele>930.9</ele>
      </trkpt>
      <trkpt lat="50.84359" lon="15.20984">
        <ele>942.3</ele>
      </trkpt>
      <trkpt lat="50.84677" lon="15.20328">
        <ele>904.3</ele>
      </trkpt>
      <trkpt lat="50.84659" lon="15.20152">
        <ele>905.7</ele>
      </trkpt>
      <trkpt lat="50.84731" lon="15.19982">
        <ele>903.8</ele>
      </trkpt>
      <trkpt lat="50.84793" lon="15.19428">
        <ele>904.4</ele>
      </trkpt>
      <trkpt lat="50.84858" lon="15.19134">
        <ele>902.4</ele>
      </trkpt>
      <trkpt lat="50.84872" lon="15.18908">
        <ele>907.9</ele>
      </trkpt>
      <trkpt lat="50.84967" lon="15.18575">
        <ele>907.4</ele>
      </trkpt>
      <trkpt lat="50.85131" lon="15.18307">
        <ele>903.2</ele>
      </trkpt>
      <trkpt lat="50.85165" lon="15.18141">
        <ele>902.0</ele>
      </trkpt>
      <trkpt lat="50.85138" lon="15.18006">
        <ele>902.3</ele>
      </trkpt>
      <trkpt lat="50.85155" lon="15.1771">
        <ele>903.9</ele>
      </trkpt>
      <trkpt lat="50.85239" lon="15.17408">
        <ele>904.4</ele>
      </trkpt>
      <trkpt lat="50.85242" lon="15.1728">
        <ele>902.4</ele>
      </trkpt>
      <trkpt lat="50.85143" lon="15.17133">
        <ele>903.4</ele>
      </trkpt>
      <trkpt lat="50.85114" lon="15.17004">
        <ele>898.5</ele>
      </trkpt>
      <trkpt lat="50.85046" lon="15.16879">
        <ele>896.4</ele>
      </trkpt>
      <trkpt lat="50.85019" lon="15.16718">
        <ele>887.0</ele>
      </trkpt>
      <trkpt lat="50.84983" lon="15.16646">
        <ele>887.9</ele>
      </trkpt>
      <trkpt lat="50.84912" lon="15.16561">
        <ele>885.9</ele>
      </trkpt>
      <trkpt lat="50.84821" lon="15.16528">
        <ele>882.1</ele>
      </trkpt>
      <trkpt lat="50.84714" lon="15.16582">
        <ele>887.6</ele>
      </trkpt>
      <trkpt lat="50.84526" lon="15.16564">
        <ele>879.0</ele>
      </trkpt>
      <trkpt lat="50.84255" lon="15.16586">
        <ele>859.8</ele>
      </trkpt>
      <trkpt lat="50.84225" lon="15.16575">
        <ele>857.9</ele>
      </trkpt>
      <trkpt lat="50.84106" lon="15.16479">
        <ele>848.4</ele>
      </trkpt>
      <trkpt lat="50.83993" lon="15.16311">
        <ele>838.3</ele>
      </trkpt>
      <trkpt lat="50.83948" lon="15.16204">
        <ele>836.5</ele>
      </trkpt>
      <trkpt lat="50.83934" lon="15.16119">
        <ele>838.0</ele>
      </trkpt>
      <trkpt lat="50.84062" lon="15.15681">
        <ele>836.3</ele>
      </trkpt>
      <trkpt lat="50.84505" lon="15.15191">
        <ele>821.5</ele>
      </trkpt>
      <trkpt lat="50.84621" lon="15.15152">
        <ele>823.5</ele>
      </trkpt>
      <trkpt lat="50.84745" lon="15.15057">
        <ele>826.1</ele>
      </trkpt>
      <trkpt lat="50.84955" lon="15.15025">
        <ele>825.3</ele>
      </trkpt>
      <trkpt lat="50.85135" lon="15.15086">
        <ele>818.3</ele>
      </trkpt>
      <trkpt lat="50.85197" lon="15.15062">
        <ele>819.2</ele>
      </trkpt>
      <trkpt lat="50.85214" lon="15.14997">
        <ele>819.4</ele>
      </trkpt>
      <trkpt lat="50.85202" lon="15.14845">
        <ele>811.5</ele>
      </trkpt>
      <trkpt lat="50.85159" lon="15.14683">
        <ele>800.3</ele>
      </trkpt>
      <trkpt lat="50.85105" lon="15.14215">
        <ele>773.3</ele>
      </trkpt>
      <trkpt lat="50.85067" lon="15.14105">
        <ele>767.1</ele>
      </trkpt>
      <trkpt lat="50.84908" lon="15.13831">
        <ele>740.6</ele>
      </trkpt>
      <trkpt lat="50.849" lon="15.13677">
        <ele>730.6</ele>
      </trkpt>
      <trkpt lat="50.84852" lon="15.13579">
        <ele>724.0</ele>
      </trkpt>
      <trkpt lat="50.84801" lon="15.13399">
        <ele>722.9</ele>
      </trkpt>
      <trkpt lat="50.84579" lon="15.13108">
        <ele>726.5</ele>
      </trkpt>
      <trkpt lat="50.8436" lon="15.12866">
        <ele>716.2</ele>
      </trkpt>
      <trkpt lat="50.84235" lon="15.12653">
        <ele>702.9</ele>
      </trkpt>
      <trkpt lat="50.84217" lon="15.12522">
        <ele>696.3</ele>
      </trkpt>
      <trkpt lat="50.8422" lon="15.12288">
        <ele>680.9</ele>
      </trkpt>
      <trkpt lat="50.84267" lon="15.12141">
        <ele>672.7</ele>
      </trkpt>
      <trkpt lat="50.8427" lon="15.11999">
        <ele>664.6</ele>
      </trkpt>
      <trkpt lat="50.84246" lon="15.11892">
        <ele>662.2</ele>
      </trkpt>
      <trkpt lat="50.84168" lon="15.11711">
        <ele>654.7</ele>
      </trkpt>
      <trkpt lat="50.84132" lon="15.11666">
        <ele>650.0</ele>
      </trkpt>
      <trkpt lat="50.84125" lon="15.11606">
        <ele>647.5</ele>
      </trkpt>
      <trkpt lat="50.84142" lon="15.11529">
        <ele>648.6</ele>
      </trkpt>
      <trkpt lat="50.84109" lon="15.11424">
        <ele>641.1</ele>
      </trkpt>
      <trkpt lat="50.84019" lon="15.11354">
        <ele>632.9</ele>
      </trkpt>
      <trkpt lat="50.84006" lon="15.11316">
        <ele>631.8</ele>
      </trkpt>
      <trkpt lat="50.84021" lon="15.11268">
        <ele>631.9</ele>
      </trkpt>
      <trkpt lat="50.84195" lon="15.11116">
        <ele>606.8</ele>
      </trkpt>
      <trkpt lat="50.84257" lon="15.10947">
        <ele>594.7</ele>
      </trkpt>
      <trkpt lat="50.84271" lon="15.10719">
        <ele>565.8</ele>
      </trkpt>
      <trkpt lat="50.84386" lon="15.10548">
        <ele>555.4</ele>
      </trkpt>
      <trkpt lat="50.84441" lon="15.10532">
        <ele>548.5</ele>
      </trkpt>
      <trkpt lat="50.8447" lon="15.10558">
        <ele>543.4</ele>
      </trkpt>
      <trkpt lat="50.84533" lon="15.10772">
        <ele>543.4</ele>
      </trkpt>
      <trkpt lat="50.84621" lon="15.10901">
        <ele>543.4</ele>
      </trkpt>
      <trkpt lat="50.84644" lon="15.10905">
        <ele>542.3</ele>
      </trkpt>
      <trkpt lat="50.84736" lon="15.10843">
        <ele>515.7</ele>
      </trkpt>
      <trkpt lat="50.84863" lon="15.10893">
        <ele>517.3</ele>
      </trkpt>
      <trkpt lat="50.84881" lon="15.10883">
        <ele>516.3</ele>
      </trkpt>
      <trkpt lat="50.84767" lon="15.10723">
        <ele>499.6</ele>
      </trkpt>
      <trkpt lat="50.84795" lon="15.10511">
        <ele>491.2</ele>
      </trkpt>
      <trkpt lat="50.84666" lon="15.10269">
        <ele>479.6</ele>
      </trkpt>
      <trkpt lat="50.84587" lon="15.10132">
        <ele>472.6</ele>
      </trkpt>
      <trkpt lat="50.84408" lon="15.09917">
        <ele>448.4</ele>
      </trkpt>
      <trkpt lat="50.84303" lon="15.09936">
        <ele>436.8</ele>
      </trkpt>
      <trkpt lat="50.84245" lon="15.09778">
        <ele>424.6</ele>
      </trkpt>
      <trkpt lat="50.84237" lon="15.09703">
        <ele>423.4</ele>
      </trkpt>
      <trkpt lat="50.84248" lon="15.0947">
        <ele>419.9</ele>
      </trkpt>
      <trkpt lat="50.84318" lon="15.09258">
        <ele>414.0</ele>
      </trkpt>
      <trkpt lat="50.84387" lon="15.09209">
        <ele>410.9</ele>
      </trkpt>
      <trkpt lat="50.84487" lon="15.09191">
        <ele>411.8</ele>
      </trkpt>
      <trkpt lat="50.84609" lon="15.09097">
        <ele>405.3</ele>
      </trkpt>
      <trkpt lat="50.847" lon="15.08862">
        <ele>406.5</ele>
      </trkpt>
      <trkpt lat="50.84763" lon="15.08749">
        <ele>407.9</ele>
      </trkpt>
      <trkpt lat="50.84934" lon="15.08588">
        <ele>407.6</ele>
      </trkpt>
      <trkpt lat="50.84958" lon="15.08345">
        <ele>396.8</ele>
      </trkpt>
      <trkpt lat="50.84919" lon="15.08309">
        <ele>396.6</ele>
      </trkpt>
      <trkpt lat="50.84901" lon="15.08261">
        <ele>396.6</ele>
      </trkpt>
      <trkpt lat="50.84869" lon="15.08067">
        <ele>396.2</ele>
      </trkpt>
      <trkpt lat="50.84703" lon="15.0789">
        <ele>394.9</ele>
      </trkpt>
      <trkpt lat="50.845" lon="15.07374">
        <ele>389.5</ele>
      </trkpt>
      <trkpt lat="50.84298" lon="15.0718">
        <ele>391.5</ele>
      </trkpt>
      <trkpt lat="50.84164" lon="15.06967">
        <ele>390.5</ele>
      </trkpt>
      <trkpt lat="50.83697" lon="15.06485">
        <ele>384.9</ele>
      </trkpt>
      <trkpt lat="50.83631" lon="15.0627">
        <ele>383.6</ele>
      </trkpt>
      <trkpt lat="50.83521" lon="15.0615">
        <ele>385.2</ele>
      </trkpt>
      <trkpt lat="50.83282" lon="15.05782">
        <ele>381.0</ele>
      </trkpt>
      <trkpt lat="50.83206" lon="15.05706">
        <ele>384.4</ele>
      </trkpt>
      <trkpt lat="50.8313" lon="15.05529">
        <ele>381.7</ele>
      </trkpt>
      <trkpt lat="50.83182" lon="15.05347">
        <ele>377.9</ele>
      </trkpt>
      <trkpt lat="50.8313" lon="15.05323">
        <ele>376.9</ele>
      </trkpt>
      <trkpt lat="50.83076" lon="15.05335">
        <ele>376.3</ele>
      </trkpt>
      <trkpt lat="50.83057" lon="15.05247">
        <ele>378.3</ele>
      </trkpt>
      <trkpt lat="50.83027" lon="15.0522">
        <ele>380.1</ele>
      </trkpt>
      <trkpt lat="50.83002" lon="15.05155">
        <ele>382.8</ele>
      </trkpt>
      <trkpt lat="50.8302" lon="15.05075">
        <ele>389.7</ele>
      </trkpt>
      <trkpt lat="50.82933" lon="15.05016">
        <ele>386.5</ele>
      </trkpt>
      <trkpt lat="50.82676" lon="15.04935">
        <ele>385.8</ele>
      </trkpt>
      <trkpt lat="50.82609" lon="15.05017">
        <ele>386.1</ele>
      </trkpt>
      <trkpt lat="50.82499" lon="15.04977">
        <ele>397.7</ele>
      </trkpt>
      <trkpt lat="50.82386" lon="15.05063">
        <ele>407.9</ele>
      </trkpt>
      <trkpt lat="50.82335" lon="15.05079">
        <ele>409.2</ele>
      </trkpt>
      <trkpt lat="50.82125" lon="15.05011">
        <ele>413.1</ele>
      </trkpt>
      <trkpt lat="50.81973" lon="15.04933">
        <ele>422.0</ele>
      </trkpt>
      <trkpt lat="50.81942" lon="15.04856">
        <ele>421.4</ele>
      </trkpt>
      <trkpt lat="50.81885" lon="15.04841">
        <ele>429.5</ele>
      </trkpt>
      <trkpt lat="50.81838" lon="15.04805">
        <ele>433.7</ele>
      </trkpt>
      <trkpt lat="50.81812" lon="15.04742">
        <ele>430.9</ele>
      </trkpt>
      <trkpt lat="50.81751" lon="15.04711">
        <ele>430.6</ele>
      </trkpt>
      <trkpt lat="50.81689" lon="15.04626">
        <ele>431.6</ele>
      </trkpt>
      <trkpt lat="50.81633" lon="15.04586">
        <ele>432.5</ele>
      </trkpt>
      <trkpt lat="50.81579" lon="15.04477">
        <ele>437.6</ele>
      </trkpt>
      <trkpt lat="50.81549" lon="15.04444">
        <ele>436.3</ele>
      </trkpt>
      <trkpt lat="50.81502" lon="15.04432">
        <ele>430.2</ele>
      </trkpt>
      <trkpt lat="50.8146" lon="15.04381">
        <ele>429.0</ele>
      </trkpt>
      <trkpt lat="50.81437" lon="15.04143">
        <ele>414.5</ele>
      </trkpt>
      <trkpt lat="50.81318" lon="15.04124">
        <ele>403.9</ele>
      </trkpt>
      <trkpt lat="50.81281" lon="15.04084">
        <ele>399.9</ele>
      </trkpt>
      <trkpt lat="50.81183" lon="15.04033">
        <ele>397.1</ele>
      </trkpt>
      <trkpt lat="50.81096" lon="15.03937">
        <ele>401.5</ele>
      </trkpt>
      <trkpt lat="50.8105" lon="15.03915">
        <ele>401.9</ele>
      </trkpt>
      <trkpt lat="50.80953" lon="15.03767">
        <ele>406.5</ele>
      </trkpt>
      <trkpt lat="50.809" lon="15.03607">
        <ele>407.9</ele>
      </trkpt>
      <trkpt lat="50.80386" lon="15.03664">
        <ele>388.2</ele>
      </trkpt>
      <trkpt lat="50.80346" lon="15.03461">
        <ele>383.7</ele>
      </trkpt>
      <trkpt lat="50.80271" lon="15.03341">
        <ele>380.4</ele>
      </trkpt>
      <trkpt lat="50.80172" lon="15.03287">
        <ele>379.2</ele>
      </trkpt>
      <trkpt lat="50.80078" lon="15.03318">
        <ele>379.6</ele>
      </trkpt>
      <trkpt lat="50.80041" lon="15.03309">
        <ele>381.2</ele>
      </trkpt>
      <trkpt lat="50.79826" lon="15.03077">
        <ele>390.4</ele>
      </trkpt>
      <trkpt lat="50.78953" lon="15.02364">
        <ele>348.9</ele>
      </trkpt>
      <trkpt lat="50.78895" lon="15.02337">
        <ele>341.2</ele>
      </trkpt>
      <trkpt lat="50.789" lon="15.02294">
        <ele>339.4</ele>
      </trkpt>
      <trkpt lat="50.78997" lon="15.0211">
        <ele>336.5</ele>
      </trkpt>
      <trkpt lat="50.78975" lon="15.02066">
        <ele>334.8</ele>
      </trkpt>
      <trkpt lat="50.78895" lon="15.02064">
        <ele>339.2</ele>
      </trkpt>
      <trkpt lat="50.78882" lon="15.02007">
        <ele>341.4</ele>
      </trkpt>
      <trkpt lat="50.78999" lon="15.01778">
        <ele>335.1</ele>
      </trkpt>
      <trkpt lat="50.79001" lon="15.01699">
        <ele>332.8</ele>
      </trkpt>
      <trkpt lat="50.78968" lon="15.01664">
        <ele>333.6</ele>
      </trkpt>
      <trkpt lat="50.78945" lon="15.0166">
        <ele>334.7</ele>
      </trkpt>
      <trkpt lat="50.78888" lon="15.017">
        <ele>339.9</ele>
      </trkpt>
      <trkpt lat="50.78836" lon="15.01678">
        <ele>340.8</ele>
      </trkpt>
      <trkpt lat="50.78817" lon="15.01629">
        <ele>340.8</ele>
      </trkpt>
      <trkpt lat="50.78659" lon="15.01673">
        <ele>344.4</ele>
      </trkpt>
      <trkpt lat="50.78587" lon="15.01728">
        <ele>347.7</ele>
      </trkpt>
      <trkpt lat="50.78549" lon="15.01736">
        <ele>349.4</ele>
      </trkpt>
      <trkpt lat="50.78471" lon="15.01843">
        <ele>357.8</ele>
      </trkpt>
      <trkpt lat="50.78424" lon="15.01812">
        <ele>356.3</ele>
      </trkpt>
      <trkpt lat="50.78378" lon="15.01735">
        <ele>355.3</ele>
      </trkpt>
      <trkpt lat="50.78194" lon="15.01559">
        <ele>356.6</ele>
      </trkpt>
      <trkpt lat="50.78151" lon="15.01531">
        <ele>356.5</ele>
      </trkpt>
      <trkpt lat="50.78054" lon="15.01516">
        <ele>358.9</ele>
      </trkpt>
      <trkpt lat="50.78015" lon="15.01562">
        <ele>361.9</ele>
      </trkpt>
      <trkpt lat="50.77962" lon="15.01539">
        <ele>362.8</ele>
      </trkpt>
      <trkpt lat="50.77886" lon="15.01536">
        <ele>364.2</ele>
      </trkpt>
      <trkpt lat="50.77829" lon="15.01557">
        <ele>365.4</ele>
      </trkpt>
      <trkpt lat="50.77702" lon="15.01705">
        <ele>370.4</ele>
      </trkpt>
      <trkpt lat="50.77614" lon="15.01657">
        <ele>373.3</ele>
      </trkpt>
      <trkpt lat="50.77587" lon="15.0153">
        <ele>372.0</ele>
      </trkpt>
      <trkpt lat="50.7756" lon="15.01496">
        <ele>372.1</ele>
      </trkpt>
      <trkpt lat="50.77387" lon="15.01503">
        <ele>378.1</ele>
      </trkpt>
      <trkpt lat="50.77147" lon="15.01434">
        <ele>386.3</ele>
      </trkpt>
      <trkpt lat="50.77107" lon="15.01393">
        <ele>387.5</ele>
      </trkpt>
      <trkpt lat="50.77021" lon="15.01377">
        <ele>390.2</ele>
      </trkpt>
      <trkpt lat="50.76892" lon="15.01272">
        <ele>395.8</ele>
      </trkpt>
      <trkpt lat="50.76789" lon="15.01236">
        <ele>400.2</ele>
      </trkpt>
      <trkpt lat="50.7655" lon="15.01099">
        <ele>411.3</ele>
      </trkpt>
      <trkpt lat="50.76494" lon="15.01046">
        <ele>414.1</ele>
      </trkpt>
      <trkpt lat="50.76372" lon="15.01198">
        <ele>419.6</ele>
      </trkpt>
      <trkpt lat="50.7632" lon="15.0168">
        <ele>419.0</ele>
      </trkpt>
      <trkpt lat="50.76301" lon="15.01706">
        <ele>418.9</ele>
      </trkpt>
      <trkpt lat="50.76276" lon="15.01707">
        <ele>419.2</ele>
      </trkpt>
      <trkpt lat="50.76253" lon="15.01937">
        <ele>416.7</ele>
      </trkpt>
      <trkpt lat="50.76218" lon="15.02038">
        <ele>415.9</ele>
      </trkpt>
      <trkpt lat="50.76151" lon="15.02109">
        <ele>415.1</ele>
      </trkpt>
      <trkpt lat="50.75888" lon="15.02206">
        <ele>405.7</ele>
      </trkpt>
      <trkpt lat="50.7589" lon="15.02245">
        <ele>404.5</ele>
      </trkpt>
      <trkpt lat="50.75926" lon="15.02299">
        <ele>402.8</ele>
      </trkpt>
      <trkpt lat="50.75945" lon="15.02415">
        <ele>400.1</ele>
      </trkpt>
      <trkpt lat="50.75948" lon="15.02851">
        <ele>385.0</ele>
      </trkpt>
      <trkpt lat="50.75767" lon="15.02914">
        <ele>393.4</ele>
      </trkpt>
      <trkpt lat="50.75663" lon="15.02988">
        <ele>396.2</ele>
      </trkpt>
      <trkpt lat="50.75636" lon="15.02977">
        <ele>396.2</ele>
      </trkpt>
      <trkpt lat="50.75611" lon="15.02926">
        <ele>397.1</ele>
      </trkpt>
      <trkpt lat="50.75534" lon="15.02888">
        <ele>399.1</ele>
      </trkpt>
      <trkpt lat="50.75434" lon="15.02943">
        <ele>401.7</ele>
      </trkpt>
      <trkpt lat="50.75017" lon="15.03299">
        <ele>426.0</ele>
      </trkpt>
      <trkpt lat="50.74835" lon="15.0343">
        <ele>422.7</ele>
      </trkpt>
      <trkpt lat="50.74565" lon="15.03592">
        <ele>412.9</ele>
      </trkpt>
      <trkpt lat="50.74416" lon="15.03641">
        <ele>410.9</ele>
      </trkpt>
      <trkpt lat="50.74401" lon="15.03616">
        <ele>411.8</ele>
      </trkpt>
      <trkpt lat="50.74409" lon="15.03519">
        <ele>414.6</ele>
      </trkpt>
      <trkpt lat="50.74365" lon="15.03227">
        <ele>425.7</ele>
      </trkpt>
      <trkpt lat="50.74309" lon="15.02943">
        <ele>437.0</ele>
      </trkpt>
      <trkpt lat="50.74236" lon="15.02741">
        <ele>447.7</ele>
      </trkpt>
      <trkpt lat="50.74069" lon="15.02107">
        <ele>476.6</ele>
      </trkpt>
      <trkpt lat="50.73973" lon="15.01876">
        <ele>488.5</ele>
      </trkpt>
      <trkpt lat="50.73851" lon="15.01276">
        <ele>519.1</ele>
      </trkpt>
      <trkpt lat="50.7379" lon="15.01122">
        <ele>531.0</ele>
      </trkpt>
      <trkpt lat="50.73781" lon="15.00985">
        <ele>537.4</ele>
      </trkpt>
      <trkpt lat="50.73819" lon="15.00873">
        <ele>540.6</ele>
      </trkpt>
      <trkpt lat="50.73809" lon="15.00677">
        <ele>549.8</ele>
      </trkpt>
      <trkpt lat="50.73741" lon="15.00594">
        <ele>560.0</ele>
      </trkpt>
      <trkpt lat="50.73718" lon="15.00607">
        <ele>563.9</ele>
      </trkpt>
      <trkpt lat="50.73688" lon="15.00675">
        <ele>567.8</ele>
      </trkpt>
      <trkpt lat="50.73666" lon="15.00659">
        <ele>573.5</ele>
      </trkpt>
      <trkpt lat="50.73605" lon="15.00191">
        <ele>603.0</ele>
      </trkpt>
      <trkpt lat="50.73612" lon="15.00166">
        <ele>603.8</ele>
      </trkpt>
      <trkpt lat="50.73634" lon="15.00163">
        <ele>605.7</ele>
      </trkpt>
      <trkpt lat="50.7382" lon="15.0025">
        <ele>616.9</ele>
      </trkpt>
      <trkpt lat="50.73931" lon="15.0035">
        <ele>621.4</ele>
      </trkpt>
      <trkpt lat="50.73982" lon="15.00357">
        <ele>626.5</ele>
      </trkpt>
      <trkpt lat="50.74083" lon="15.00291">
        <ele>636.1</ele>
      </trkpt>
      <trkpt lat="50.74155" lon="15.0015">
        <ele>642.0</ele>
      </trkpt>
      <trkpt lat="50.74266" lon="15.0007">
        <ele>648.4</ele>
      </trkpt>
      <trkpt lat="50.74274" lon="14.99946">
        <ele>673.0</ele>
      </trkpt>
      <trkpt lat="50.74352" lon="14.99797">
        <ele>665.7</ele>
      </trkpt>
      <trkpt lat="50.74406" lon="14.99579">
        <ele>660.5</ele>
      </trkpt>
      <trkpt lat="50.74356" lon="14.99472">
        <ele>671.4</ele>
      </trkpt>
      <trkpt lat="50.74345" lon="14.99388">
        <ele>675.0</ele>
      </trkpt>
      <trkpt lat="50.74313" lon="14.99363">
        <ele>679.8</ele>
      </trkpt>
      <trkpt lat="50.74213" lon="14.99613">
        <ele>692.5</ele>
      </trkpt>
      <trkpt lat="50.74175" lon="14.99631">
        <ele>697.6</ele>
      </trkpt>
      <trkpt lat="50.74148" lon="14.9949">
        <ele>702.5</ele>
      </trkpt>
      <trkpt lat="50.74157" lon="14.99188">
        <ele>721.1</ele>
      </trkpt>
      <trkpt lat="50.7422" lon="14.98764">
        <ele>736.2</ele>
      </trkpt>
      <trkpt lat="50.74225" lon="14.98454">
        <ele>750.9</ele>
      </trkpt>
      <trkpt lat="50.74259" lon="14.98219">
        <ele>760.9</ele>
      </trkpt>
      <trkpt lat="50.74339" lon="14.98002">
        <ele>767.1</ele>
      </trkpt>
      <trkpt lat="50.74394" lon="14.97931">
        <ele>770.2</ele>
      </trkpt>
      <trkpt lat="50.74397" lon="14.9787">
        <ele>771.2</ele>
      </trkpt>
      <trkpt lat="50.74321" lon="14.97872">
        <ele>770.7</ele>
      </trkpt>
      <trkpt lat="50.74233" lon="14.9785">
        <ele>776.3</ele>
      </trkpt>
      <trkpt lat="50.74044" lon="14.9791">
        <ele>789.6</ele>
      </trkpt>
      <trkpt lat="50.73977" lon="14.98011">
        <ele>802.3</ele>
      </trkpt>
      <trkpt lat="50.73932" lon="14.98269">
        <ele>813.2</ele>
      </trkpt>
      <trkpt lat="50.73865" lon="14.98424">
        <ele>828.0</ele>
      </trkpt>
      <trkpt lat="50.73835" lon="14.98549">
        <ele>832.2</ele>
      </trkpt>
      <trkpt lat="50.73738" lon="14.987">
        <ele>843.5</ele>
      </trkpt>
      <trkpt lat="50.73713" lon="14.98887">
        <ele>837.1</ele>
      </trkpt>
      <trkpt lat="50.73664" lon="14.98887">
        <ele>848.4</ele>
      </trkpt>
      <trkpt lat="50.73606" lon="14.98849">
        <ele>857.6</ele>
      </trkpt>
      <trkpt lat="50.73517" lon="14.98823">
        <ele>867.3</ele>
      </trkpt>
      <trkpt lat="50.73239" lon="14.98822">
        <ele>905.9</ele>
      </trkpt>
      <trkpt lat="50.73188" lon="14.98842">
        <ele>907.8</ele>
      </trkpt>
      <trkpt lat="50.73105" lon="14.98835">
        <ele>916.4</ele>
      </trkpt>
      <trkpt lat="50.73017" lon="14.98787">
        <ele>923.9</ele>
      </trkpt>
      <trkpt lat="50.73135" lon="14.9845">
        <ele>948.4</ele>
      </trkpt>
      <trkpt lat="50.73159" lon="14.98235">
        <ele>947.1</ele>
      </trkpt>
      <trkpt lat="50.73214" lon="14.98148">
        <ele>947.6</ele>
      </trkpt>
      <trkpt lat="50.73241" lon="14.98178">
        <ele>957.6</ele>
      </trkpt>
      <trkpt lat="50.73303" lon="14.98346">
        <ele>967.4</ele>
      </trkpt>
      <trkpt lat="50.73309" lon="14.98488">
        <ele>974.7</ele>
      </trkpt>
      <trkpt lat="50.73296" lon="14.98536">
        <ele>979.8</ele>
      </trkpt>
      <trkpt lat="50.73262" lon="14.98547">
        <ele>985.6</ele>
      </trkpt>
      <trkpt lat="50.73242" lon="14.98459">
        <ele>988.9</ele>
      </trkpt>
      <trkpt lat="50.73274" lon="14.98417">
        <ele>981.7</ele>
      </trkpt>
      <trkpt lat="50.7329" lon="14.98452">
        <ele>978.4</ele>
      </trkpt>
      <trkpt lat="50.73274" lon="14.98417">
        <ele>981.7</ele>
      </trkpt>
      <trkpt lat="50.73252" lon="14.98428">
        <ele>989.9</ele>
      </trkpt>
      <trkpt lat="50.73246" lon="14.98506">
        <ele>991.0</ele>
      </trkpt>
      <trkpt lat="50.7327" lon="14.98553">
        <ele>984.3</ele>
      </trkpt>
      <trkpt lat="50.73296" lon="14.98536">
        <ele>979.8</ele>
      </trkpt>
      <trkpt lat="50.73309" lon="14.98488">
        <ele>974.7</ele>
      </trkpt>
      <trkpt lat="50.73303" lon="14.98346">
        <ele>967.4</ele>
      </trkpt>
      <trkpt lat="50.73241" lon="14.98178">
        <ele>957.6</ele>
      </trkpt>
      <trkpt lat="50.73214" lon="14.98148">
        <ele>947.6</ele>
      </trkpt>
      <trkpt lat="50.732" lon="14.98154">
        <ele>947.1</ele>
      </trkpt>
      <trkpt lat="50.73159" lon="14.98235">
        <ele>947.1</ele>
      </trkpt>
      <trkpt lat="50.73135" lon="14.9845">
        <ele>948.4</ele>
      </trkpt>
      <trkpt lat="50.73022" lon="14.98745">
        <ele>925.7</ele>
      </trkpt>
      <trkpt lat="50.73019" lon="14.98793">
        <ele>923.6</ele>
      </trkpt>
      <trkpt lat="50.73105" lon="14.98835">
        <ele>916.4</ele>
      </trkpt>
      <trkpt lat="50.73188" lon="14.98842">
        <ele>907.8</ele>
      </trkpt>
      <trkpt lat="50.73239" lon="14.98822">
        <ele>905.9</ele>
      </trkpt>
      <trkpt lat="50.73517" lon="14.98823">
        <ele>867.3</ele>
      </trkpt>
      <trkpt lat="50.73606" lon="14.98849">
        <ele>857.6</ele>
      </trkpt>
      <trkpt lat="50.73664" lon="14.98887">
        <ele>848.4</ele>
      </trkpt>
      <trkpt lat="50.73713" lon="14.98887">
        <ele>837.1</ele>
      </trkpt>
      <trkpt lat="50.73738" lon="14.987">
        <ele>843.5</ele>
      </trkpt>
      <trkpt lat="50.73835" lon="14.98549">
        <ele>832.2</ele>
      </trkpt>
      <trkpt lat="50.73869" lon="14.98411">
        <ele>827.3</ele>
      </trkpt>
      <trkpt lat="50.73932" lon="14.98269">
        <ele>813.2</ele>
      </trkpt>
      <trkpt lat="50.73977" lon="14.98011">
        <ele>802.3</ele>
      </trkpt>
      <trkpt lat="50.74044" lon="14.9791">
        <ele>789.6</ele>
      </trkpt>
      <trkpt lat="50.74233" lon="14.9785">
        <ele>776.3</ele>
      </trkpt>
      <trkpt lat="50.74321" lon="14.97872">
        <ele>770.7</ele>
      </trkpt>
      <trkpt lat="50.74397" lon="14.9787">
        <ele>771.2</ele>
      </trkpt>
      <trkpt lat="50.74382" lon="14.97799">
        <ele>770.9</ele>
      </trkpt>
      <trkpt lat="50.74294" lon="14.97746">
        <ele>771.3</ele>
      </trkpt>
      <trkpt lat="50.74199" lon="14.97556">
        <ele>760.5</ele>
      </trkpt>
      <trkpt lat="50.74209" lon="14.97519">
        <ele>757.2</ele>
      </trkpt>
      <trkpt lat="50.74257" lon="14.97509">
        <ele>756.8</ele>
      </trkpt>
      <trkpt lat="50.74258" lon="14.97468">
        <ele>751.2</ele>
      </trkpt>
      <trkpt lat="50.74143" lon="14.97429">
        <ele>746.9</ele>
      </trkpt>
      <trkpt lat="50.7408" lon="14.9737">
        <ele>746.5</ele>
      </trkpt>
      <trkpt lat="50.74144" lon="14.97214">
        <ele>726.1</ele>
      </trkpt>
      <trkpt lat="50.74124" lon="14.97194">
        <ele>725.7</ele>
      </trkpt>
      <trkpt lat="50.74087" lon="14.97259">
        <ele>733.7</ele>
      </trkpt>
      <trkpt lat="50.7407" lon="14.97237">
        <ele>733.4</ele>
      </trkpt>
      <trkpt lat="50.74096" lon="14.9717">
        <ele>724.8</ele>
      </trkpt>
      <trkpt lat="50.74109" lon="14.97045">
        <ele>712.9</ele>
      </trkpt>
      <trkpt lat="50.7418" lon="14.96872">
        <ele>702.2</ele>
      </trkpt>
      <trkpt lat="50.7415" lon="14.96852">
        <ele>699.4</ele>
      </trkpt>
      <trkpt lat="50.74062" lon="14.96943">
        <ele>697.7</ele>
      </trkpt>
      <trkpt lat="50.74045" lon="14.96906">
        <ele>690.2</ele>
      </trkpt>
      <trkpt lat="50.74132" lon="14.9668">
        <ele>675.7</ele>
      </trkpt>
      <trkpt lat="50.74194" lon="14.96599">
        <ele>673.1</ele>
      </trkpt>
      <trkpt lat="50.74193" lon="14.96565">
        <ele>669.3</ele>
      </trkpt>
      <trkpt lat="50.74171" lon="14.96562">
        <ele>668.3</ele>
      </trkpt>
      <trkpt lat="50.74128" lon="14.96601">
        <ele>664.2</ele>
      </trkpt>
      <trkpt lat="50.73985" lon="14.96848">
        <ele>674.4</ele>
      </trkpt>
      <trkpt lat="50.73962" lon="14.96848">
        <ele>675.3</ele>
      </trkpt>
      <trkpt lat="50.73929" lon="14.96809">
        <ele>670.6</ele>
      </trkpt>
      <trkpt lat="50.73837" lon="14.96825">
        <ele>677.3</ele>
      </trkpt>
      <trkpt lat="50.73843" lon="14.96377">
        <ele>653.2</ele>
      </trkpt>
      <trkpt lat="50.73823" lon="14.96292">
        <ele>648.3</ele>
      </trkpt>
      <trkpt lat="50.73524" lon="14.96026">
        <ele>630.5</ele>
      </trkpt>
      <trkpt lat="50.73483" lon="14.96027">
        <ele>630.9</ele>
      </trkpt>
      <trkpt lat="50.73356" lon="14.96083">
        <ele>636.8</ele>
      </trkpt>
      <trkpt lat="50.73351" lon="14.96052">
        <ele>632.1</ele>
      </trkpt>
      <trkpt lat="50.73444" lon="14.95962">
        <ele>622.2</ele>
      </trkpt>
      <trkpt lat="50.7344" lon="14.95921">
        <ele>616.6</ele>
      </trkpt>
      <trkpt lat="50.73391" lon="14.95927">
        <ele>616.7</ele>
      </trkpt>
      <trkpt lat="50.73254" lon="14.95866">
        <ele>603.2</ele>
      </trkpt>
      <trkpt lat="50.73186" lon="14.95835">
        <ele>603.8</ele>
      </trkpt>
      <trkpt lat="50.73174" lon="14.95802">
        <ele>600.5</ele>
      </trkpt>
      <trkpt lat="50.73322" lon="14.95537">
        <ele>579.5</ele>
      </trkpt>
      <trkpt lat="50.7336" lon="14.955">
        <ele>574.8</ele>
      </trkpt>
      <trkpt lat="50.7336" lon="14.95462">
        <ele>572.5</ele>
      </trkpt>
      <trkpt lat="50.73294" lon="14.95384">
        <ele>568.4</ele>
      </trkpt>
      <trkpt lat="50.73282" lon="14.95341">
        <ele>565.1</ele>
      </trkpt>
      <trkpt lat="50.73295" lon="14.95307">
        <ele>563.2</ele>
      </trkpt>
      <trkpt lat="50.73378" lon="14.95245">
        <ele>556.4</ele>
      </trkpt>
      <trkpt lat="50.73405" lon="14.95036">
        <ele>545.5</ele>
      </trkpt>
      <trkpt lat="50.73436" lon="14.95051">
        <ele>542.7</ele>
      </trkpt>
      <trkpt lat="50.73452" lon="14.95182">
        <ele>544.4</ele>
      </trkpt>
      <trkpt lat="50.73576" lon="14.95232">
        <ele>537.0</ele>
      </trkpt>
      <trkpt lat="50.73591" lon="14.95224">
        <ele>535.9</ele>
      </trkpt>
      <trkpt lat="50.7365" lon="14.95112">
        <ele>524.1</ele>
      </trkpt>
      <trkpt lat="50.73746" lon="14.94768">
        <ele>503.3</ele>
      </trkpt>
      <trkpt lat="50.73609" lon="14.94301">
        <ele>486.6</ele>
      </trkpt>
      <trkpt lat="50.73602" lon="14.94092">
        <ele>478.9</ele>
      </trkpt>
      <trkpt lat="50.73553" lon="14.93818">
        <ele>468.2</ele>
      </trkpt>
      <trkpt lat="50.73564" lon="14.93586">
        <ele>458.4</ele>
      </trkpt>
      <trkpt lat="50.73612" lon="14.93251">
        <ele>451.4</ele>
      </trkpt>
      <trkpt lat="50.73666" lon="14.93195">
        <ele>447.4</ele>
      </trkpt>
      <trkpt lat="50.73697" lon="14.93109">
        <ele>445.6</ele>
      </trkpt>
      <trkpt lat="50.73728" lon="14.92769">
        <ele>436.4</ele>
      </trkpt>
      <trkpt lat="50.73722" lon="14.926">
        <ele>431.1</ele>
      </trkpt>
      <trkpt lat="50.73691" lon="14.92467">
        <ele>429.0</ele>
      </trkpt>
      <trkpt lat="50.7367" lon="14.92213">
        <ele>421.8</ele>
      </trkpt>
      <trkpt lat="50.73686" lon="14.91888">
        <ele>416.0</ele>
      </trkpt>
      <trkpt lat="50.73714" lon="14.91801">
        <ele>413.4</ele>
      </trkpt>
      <trkpt lat="50.73798" lon="14.91659">
        <ele>407.3</ele>
      </trkpt>
      <trkpt lat="50.73835" lon="14.91544">
        <ele>404.1</ele>
      </trkpt>
      <trkpt lat="50.73893" lon="14.91335">
        <ele>400.6</ele>
      </trkpt>
      <trkpt lat="50.73943" lon="14.90983">
        <ele>398.6</ele>
      </trkpt>
      <trkpt lat="50.73861" lon="14.90751">
        <ele>393.7</ele>
      </trkpt>
      <trkpt lat="50.73868" lon="14.90241">
        <ele>390.6</ele>
      </trkpt>
      <trkpt lat="50.7384" lon="14.9009">
        <ele>386.6</ele>
      </trkpt>
      <trkpt lat="50.73843" lon="14.89338">
        <ele>373.5</ele>
      </trkpt>
      <trkpt lat="50.73884" lon="14.88909">
        <ele>375.7</ele>
      </trkpt>
      <trkpt lat="50.73871" lon="14.88792">
        <ele>376.0</ele>
      </trkpt>
      <trkpt lat="50.73798" lon="14.8859">
        <ele>373.1</ele>
      </trkpt>
      <trkpt lat="50.73776" lon="14.8834">
        <ele>369.9</ele>
      </trkpt>
      <trkpt lat="50.73674" lon="14.87916">
        <ele>369.7</ele>
      </trkpt>
      <trkpt lat="50.73651" lon="14.8774">
        <ele>366.7</ele>
      </trkpt>
      <trkpt lat="50.73661" lon="14.8757">
        <ele>361.5</ele>
      </trkpt>
      <trkpt lat="50.7369" lon="14.8737">
        <ele>358.5</ele>
      </trkpt>
      <trkpt lat="50.73755" lon="14.87245">
        <ele>358.3</ele>
      </trkpt>
      <trkpt lat="50.7382" lon="14.87046">
        <ele>357.3</ele>
      </trkpt>
      <trkpt lat="50.73812" lon="14.86839">
        <ele>357.2</ele>
      </trkpt>
      <trkpt lat="50.73837" lon="14.86718">
        <ele>355.4</ele>
      </trkpt>
      <trkpt lat="50.7412" lon="14.86271">
        <ele>352.3</ele>
      </trkpt>
      <trkpt lat="50.74175" lon="14.85976">
        <ele>349.6</ele>
      </trkpt>
      <trkpt lat="50.74183" lon="14.8578">
        <ele>348.6</ele>
      </trkpt>
      <trkpt lat="50.74358" lon="14.8546">
        <ele>348.8</ele>
      </trkpt>
      <trkpt lat="50.74419" lon="14.85276">
        <ele>346.1</ele>
      </trkpt>
      <trkpt lat="50.74464" lon="14.85064">
        <ele>346.4</ele>
      </trkpt>
      <trkpt lat="50.74462" lon="14.84789">
        <ele>343.4</ele>
      </trkpt>
      <trkpt lat="50.74389" lon="14.84404">
        <ele>341.0</ele>
      </trkpt>
      <trkpt lat="50.74443" lon="14.84057">
        <ele>337.7</ele>
      </trkpt>
      <trkpt lat="50.74401" lon="14.83833">
        <ele>336.4</ele>
      </trkpt>
      <trkpt lat="50.7439" lon="14.83661">
        <ele>338.9</ele>
      </trkpt>
      <trkpt lat="50.74313" lon="14.83487">
        <ele>338.7</ele>
      </trkpt>
      <trkpt lat="50.74304" lon="14.83328">
        <ele>337.8</ele>
      </trkpt>
      <trkpt lat="50.74205" lon="14.82743">
        <ele>354.7</ele>
      </trkpt>
      <trkpt lat="50.74182" lon="14.82421">
        <ele>353.3</ele>
      </trkpt>
      <trkpt lat="50.74164" lon="14.82369">
        <ele>352.2</ele>
      </trkpt>
      <trkpt lat="50.74103" lon="14.82331">
        <ele>359.1</ele>
      </trkpt>
      <trkpt lat="50.74063" lon="14.82237">
        <ele>349.4</ele>
      </trkpt>
      <trkpt lat="50.73976" lon="14.81819">
        <ele>331.2</ele>
      </trkpt>
      <trkpt lat="50.73961" lon="14.81647">
        <ele>331.2</ele>
      </trkpt>
      <trkpt lat="50.73827" lon="14.81448">
        <ele>326.3</ele>
      </trkpt>
      <trkpt lat="50.73837" lon="14.81247">
        <ele>325.1</ele>
      </trkpt>
      <trkpt lat="50.73773" lon="14.81071">
        <ele>328.9</ele>
      </trkpt>
      <trkpt lat="50.73773" lon="14.80992">
        <ele>332.2</ele>
      </trkpt>
      <trkpt lat="50.73821" lon="14.8079">
        <ele>340.2</ele>
      </trkpt>
      <trkpt lat="50.74192" lon="14.80411">
        <ele>356.4</ele>
      </trkpt>
      <trkpt lat="50.74283" lon="14.80245">
        <ele>363.6</ele>
      </trkpt>
      <trkpt lat="50.74387" lon="14.80176">
        <ele>369.4</ele>
      </trkpt>
      <trkpt lat="50.74467" lon="14.80162">
        <ele>372.7</ele>
      </trkpt>
      <trkpt lat="50.74674" lon="14.80245">
        <ele>375.0</ele>
      </trkpt>
      <trkpt lat="50.74737" lon="14.80198">
        <ele>375.0</ele>
      </trkpt>
      <trkpt lat="50.74828" lon="14.80164">
        <ele>376.7</ele>
      </trkpt>
      <trkpt lat="50.75078" lon="14.80262">
        <ele>375.6</ele>
      </trkpt>
      <trkpt lat="50.75127" lon="14.80243">
        <ele>374.9</ele>
      </trkpt>
      <trkpt lat="50.75291" lon="14.80031">
        <ele>378.5</ele>
      </trkpt>
      <trkpt lat="50.75513" lon="14.79421">
        <ele>398.8</ele>
      </trkpt>
      <trkpt lat="50.75546" lon="14.79391">
        <ele>397.6</ele>
      </trkpt>
      <trkpt lat="50.75651" lon="14.79351">
        <ele>395.2</ele>
      </trkpt>
      <trkpt lat="50.75679" lon="14.79307">
        <ele>393.7</ele>
      </trkpt>
      <trkpt lat="50.75707" lon="14.78976">
        <ele>378.9</ele>
      </trkpt>
      <trkpt lat="50.75667" lon="14.78247">
        <ele>371.0</ele>
      </trkpt>
      <trkpt lat="50.75662" lon="14.77746">
        <ele>368.9</ele>
      </trkpt>
      <trkpt lat="50.75532" lon="14.77427">
        <ele>366.9</ele>
      </trkpt>
      <trkpt lat="50.7548" lon="14.77058">
        <ele>361.4</ele>
      </trkpt>
      <trkpt lat="50.75699" lon="14.76472">
        <ele>336.4</ele>
      </trkpt>
      <trkpt lat="50.75738" lon="14.7631">
        <ele>331.0</ele>
      </trkpt>
      <trkpt lat="50.75821" lon="14.76256">
        <ele>327.5</ele>
      </trkpt>
      <trkpt lat="50.75947" lon="14.7623">
        <ele>323.2</ele>
      </trkpt>
      <trkpt lat="50.75954" lon="14.76084">
        <ele>321.7</ele>
      </trkpt>
      <trkpt lat="50.76031" lon="14.76026">
        <ele>317.6</ele>
      </trkpt>
      <trkpt lat="50.7616" lon="14.76002">
        <ele>310.4</ele>
      </trkpt>
      <trkpt lat="50.76178" lon="14.75895">
        <ele>307.3</ele>
      </trkpt>
      <trkpt lat="50.76139" lon="14.75792">
        <ele>306.0</ele>
      </trkpt>
      <trkpt lat="50.75886" lon="14.75563">
        <ele>309.5</ele>
      </trkpt>
      <trkpt lat="50.75754" lon="14.7526">
        <ele>309.3</ele>
      </trkpt>
      <trkpt lat="50.75708" lon="14.75213">
        <ele>310.5</ele>
      </trkpt>
      <trkpt lat="50.75596" lon="14.75131">
        <ele>310.2</ele>
      </trkpt>
      <trkpt lat="50.75475" lon="14.75096">
        <ele>310.9</ele>
      </trkpt>
      <trkpt lat="50.75438" lon="14.75105">
        <ele>313.6</ele>
      </trkpt>
      <trkpt lat="50.75354" lon="14.75061">
        <ele>313.2</ele>
      </trkpt>
      <trkpt lat="50.75273" lon="14.7506">
        <ele>312.8</ele>
      </trkpt>
      <trkpt lat="50.75044" lon="14.74923">
        <ele>304.8</ele>
      </trkpt>
      <trkpt lat="50.75028" lon="14.74829">
        <ele>302.7</ele>
      </trkpt>
      <trkpt lat="50.75055" lon="14.74648">
        <ele>301.1</ele>
      </trkpt>
      <trkpt lat="50.74958" lon="14.74541">
        <ele>301.8</ele>
      </trkpt>
      <trkpt lat="50.74888" lon="14.74496">
        <ele>302.4</ele>
      </trkpt>
      <trkpt lat="50.74717" lon="14.74156">
        <ele>305.4</ele>
      </trkpt>
      <trkpt lat="50.74459" lon="14.73765">
        <ele>310.5</ele>
      </trkpt>
      <trkpt lat="50.74428" lon="14.73625">
        <ele>311.3</ele>
      </trkpt>
      <trkpt lat="50.74351" lon="14.73481">
        <ele>313.0</ele>
      </trkpt>
      <trkpt lat="50.74227" lon="14.73371">
        <ele>311.2</ele>
      </trkpt>
      <trkpt lat="50.74248" lon="14.73173">
        <ele>308.1</ele>
      </trkpt>
      <trkpt lat="50.74251" lon="14.72536">
        <ele>307.6</ele>
      </trkpt>
      <trkpt lat="50.74199" lon="14.72312">
        <ele>310.4</ele>
      </trkpt>
      <trkpt lat="50.74237" lon="14.72207">
        <ele>307.5</ele>
      </trkpt>
      <trkpt lat="50.7403" lon="14.71955">
        <ele>304.8</ele>
      </trkpt>
      <trkpt lat="50.73957" lon="14.71927">
        <ele>304.3</ele>
      </trkpt>
      <trkpt lat="50.73928" lon="14.71849">
        <ele>301.8</ele>
      </trkpt>
      <trkpt lat="50.73862" lon="14.71915">
        <ele>302.7</ele>
      </trkpt>
      <trkpt lat="50.73841" lon="14.71814">
        <ele>301.2</ele>
      </trkpt>
      <trkpt lat="50.73672" lon="14.71534">
        <ele>310.1</ele>
      </trkpt>
      <trkpt lat="50.73476" lon="14.71284">
        <ele>323.0</ele>
      </trkpt>
      <trkpt lat="50.73445" lon="14.71063">
        <ele>318.1</ele>
      </trkpt>
      <trkpt lat="50.73438" lon="14.70776">
        <ele>311.9</ele>
      </trkpt>
      <trkpt lat="50.73385" lon="14.70595">
        <ele>310.7</ele>
      </trkpt>
      <trkpt lat="50.73376" lon="14.70399">
        <ele>311.6</ele>
      </trkpt>
      <trkpt lat="50.73318" lon="14.70277">
        <ele>305.8</ele>
      </trkpt>
      <trkpt lat="50.73323" lon="14.70236">
        <ele>305.6</ele>
      </trkpt>
      <trkpt lat="50.73288" lon="14.70147">
        <ele>303.7</ele>
      </trkpt>
      <trkpt lat="50.73326" lon="14.70101">
        <ele>304.3</ele>
      </trkpt>
      <trkpt lat="50.73429" lon="14.69806">
        <ele>307.6</ele>
      </trkpt>
      <trkpt lat="50.73476" lon="14.69391">
        <ele>325.1</ele>
      </trkpt>
      <trkpt lat="50.73517" lon="14.69262">
        <ele>336.8</ele>
      </trkpt>
      <trkpt lat="50.73516" lon="14.69143">
        <ele>344.3</ele>
      </trkpt>
      <trkpt lat="50.73566" lon="14.69103">
        <ele>345.6</ele>
      </trkpt>
      <trkpt lat="50.73566" lon="14.69008">
        <ele>344.7</ele>
      </trkpt>
      <trkpt lat="50.7361" lon="14.68958">
        <ele>346.0</ele>
      </trkpt>
      <trkpt lat="50.73563" lon="14.68867">
        <ele>347.5</ele>
      </trkpt>
      <trkpt lat="50.73583" lon="14.68209">
        <ele>341.1</ele>
      </trkpt>
      <trkpt lat="50.73773" lon="14.67561">
        <ele>326.9</ele>
      </trkpt>
      <trkpt lat="50.74081" lon="14.66901">
        <ele>320.1</ele>
      </trkpt>
      <trkpt lat="50.74231" lon="14.6649">
        <ele>317.3</ele>
      </trkpt>
      <trkpt lat="50.74526" lon="14.65424">
        <ele>306.1</ele>
      </trkpt>
      <trkpt lat="50.74665" lon="14.6538">
        <ele>304.1</ele>
      </trkpt>
      <trkpt lat="50.74685" lon="14.65357">
        <ele>303.2</ele>
      </trkpt>
      <trkpt lat="50.74688" lon="14.65298">
        <ele>301.6</ele>
      </trkpt>
      <trkpt lat="50.74736" lon="14.65296">
        <ele>301.2</ele>
      </trkpt>
      <trkpt lat="50.74778" lon="14.6546">
        <ele>301.0</ele>
      </trkpt>
      <trkpt lat="50.74745" lon="14.6567">
        <ele>299.5</ele>
      </trkpt>
      <trkpt lat="50.74801" lon="14.6587">
        <ele>303.6</ele>
      </trkpt>
      <trkpt lat="50.74928" lon="14.66041">
        <ele>301.7</ele>
      </trkpt>
      <trkpt lat="50.75053" lon="14.66121">
        <ele>304.8</ele>
      </trkpt>
      <trkpt lat="50.75176" lon="14.66254">
        <ele>304.2</ele>
      </trkpt>
      <trkpt lat="50.75274" lon="14.66286">
        <ele>305.7</ele>
      </trkpt>
      <trkpt lat="50.75441" lon="14.66187">
        <ele>307.5</ele>
      </trkpt>
      <trkpt lat="50.7548" lon="14.66105">
        <ele>307.9</ele>
      </trkpt>
      <trkpt lat="50.75555" lon="14.6608">
        <ele>311.2</ele>
      </trkpt>
      <trkpt lat="50.7561" lon="14.65993">
        <ele>310.3</ele>
      </trkpt>
      <trkpt lat="50.75752" lon="14.65968">
        <ele>311.2</ele>
      </trkpt>
      <trkpt lat="50.7595" lon="14.65896">
        <ele>316.6</ele>
      </trkpt>
      <trkpt lat="50.76192" lon="14.65712">
        <ele>322.2</ele>
      </trkpt>
      <trkpt lat="50.76367" lon="14.65396">
        <ele>323.9</ele>
      </trkpt>
      <trkpt lat="50.76542" lon="14.64878">
        <ele>341.7</ele>
      </trkpt>
      <trkpt lat="50.76593" lon="14.64787">
        <ele>340.8</ele>
      </trkpt>
      <trkpt lat="50.76613" lon="14.64691">
        <ele>345.7</ele>
      </trkpt>
      <trkpt lat="50.76649" lon="14.64617">
        <ele>338.0</ele>
      </trkpt>
      <trkpt lat="50.7676" lon="14.64517">
        <ele>333.7</ele>
      </trkpt>
      <trkpt lat="50.77059" lon="14.6435">
        <ele>334.0</ele>
      </trkpt>
      <trkpt lat="50.77136" lon="14.64177">
        <ele>335.4</ele>
      </trkpt>
      <trkpt lat="50.77367" lon="14.63975">
        <ele>339.8</ele>
      </trkpt>
      <trkpt lat="50.77404" lon="14.63885">
        <ele>342.6</ele>
      </trkpt>
      <trkpt lat="50.77514" lon="14.6377">
        <ele>344.0</ele>
      </trkpt>
      <trkpt lat="50.77581" lon="14.63728">
        <ele>345.8</ele>
      </trkpt>
      <trkpt lat="50.77765" lon="14.63449">
        <ele>352.1</ele>
      </trkpt>
      <trkpt lat="50.7778" lon="14.63415">
        <ele>353.4</ele>
      </trkpt>
      <trkpt lat="50.77723" lon="14.63283">
        <ele>359.5</ele>
      </trkpt>
      <trkpt lat="50.78029" lon="14.6237">
        <ele>375.7</ele>
      </trkpt>
      <trkpt lat="50.78099" lon="14.62371">
        <ele>373.1</ele>
      </trkpt>
      <trkpt lat="50.78253" lon="14.62302">
        <ele>366.2</ele>
      </trkpt>
      <trkpt lat="50.7839" lon="14.62">
        <ele>374.3</ele>
      </trkpt>
      <trkpt lat="50.78604" lon="14.61725">
        <ele>378.7</ele>
      </trkpt>
      <trkpt lat="50.78461" lon="14.61587">
        <ele>381.4</ele>
      </trkpt>
      <trkpt lat="50.78518" lon="14.61445">
        <ele>384.4</ele>
      </trkpt>
      <trkpt lat="50.78588" lon="14.61346">
        <ele>386.9</ele>
      </trkpt>
      <trkpt lat="50.7865" lon="14.61167">
        <ele>389.4</ele>
      </trkpt>
      <trkpt lat="50.7875" lon="14.60974">
        <ele>395.3</ele>
      </trkpt>
      <trkpt lat="50.78907" lon="14.60793">
        <ele>401.4</ele>
      </trkpt>
      <trkpt lat="50.79" lon="14.60633">
        <ele>402.8</ele>
      </trkpt>
      <trkpt lat="50.79028" lon="14.60653">
        <ele>401.9</ele>
      </trkpt>
      <trkpt lat="50.79092" lon="14.60509">
        <ele>404.7</ele>
      </trkpt>
      <trkpt lat="50.7915" lon="14.60488">
        <ele>406.6</ele>
      </trkpt>
      <trkpt lat="50.79177" lon="14.60432">
        <ele>410.7</ele>
      </trkpt>
      <trkpt lat="50.79231" lon="14.60243">
        <ele>414.7</ele>
      </trkpt>
      <trkpt lat="50.79228" lon="14.60148">
        <ele>414.4</ele>
      </trkpt>
      <trkpt lat="50.79308" lon="14.59947">
        <ele>421.6</ele>
      </trkpt>
      <trkpt lat="50.79325" lon="14.59784">
        <ele>424.6</ele>
      </trkpt>
      <trkpt lat="50.79324" lon="14.59573">
        <ele>428.5</ele>
      </trkpt>
      <trkpt lat="50.79277" lon="14.5946">
        <ele>432.3</ele>
      </trkpt>
      <trkpt lat="50.79245" lon="14.59425">
        <ele>434.0</ele>
      </trkpt>
      <trkpt lat="50.79247" lon="14.59069">
        <ele>443.6</ele>
      </trkpt>
      <trkpt lat="50.79264" lon="14.58926">
        <ele>448.4</ele>
      </trkpt>
      <trkpt lat="50.79312" lon="14.5874">
        <ele>454.5</ele>
      </trkpt>
      <trkpt lat="50.79351" lon="14.58363">
        <ele>467.0</ele>
      </trkpt>
      <trkpt lat="50.79335" lon="14.58228">
        <ele>471.8</ele>
      </trkpt>
      <trkpt lat="50.79366" lon="14.56982">
        <ele>544.2</ele>
      </trkpt>
      <trkpt lat="50.79279" lon="14.56565">
        <ele>562.3</ele>
      </trkpt>
      <trkpt lat="50.79259" lon="14.56541">
        <ele>564.0</ele>
      </trkpt>
      <trkpt lat="50.79125" lon="14.56528">
        <ele>578.0</ele>
      </trkpt>
      <trkpt lat="50.791" lon="14.56453">
        <ele>582.5</ele>
      </trkpt>
      <trkpt lat="50.79137" lon="14.56159">
        <ele>591.3</ele>
      </trkpt>
      <trkpt lat="50.79138" lon="14.55725">
        <ele>604.0</ele>
      </trkpt>
      <trkpt lat="50.79025" lon="14.55205">
        <ele>598.3</ele>
      </trkpt>
      <trkpt lat="50.79197" lon="14.54805">
        <ele>600.9</ele>
      </trkpt>
      <trkpt lat="50.79446" lon="14.54611">
        <ele>598.3</ele>
      </trkpt>
      <trkpt lat="50.79617" lon="14.54507">
        <ele>591.5</ele>
      </trkpt>
      <trkpt lat="50.79633" lon="14.5446">
        <ele>588.0</ele>
      </trkpt>
      <trkpt lat="50.79608" lon="14.54299">
        <ele>584.9</ele>
      </trkpt>
      <trkpt lat="50.79702" lon="14.54337">
        <ele>578.8</ele>
      </trkpt>
      <trkpt lat="50.79809" lon="14.54425">
        <ele>573.7</ele>
      </trkpt>
      <trkpt lat="50.79841" lon="14.54425">
        <ele>571.8</ele>
      </trkpt>
      <trkpt lat="50.79885" lon="14.54385">
        <ele>566.9</ele>
      </trkpt>
      <trkpt lat="50.79904" lon="14.54252">
        <ele>553.9</ele>
      </trkpt>
      <trkpt lat="50.80077" lon="14.54067">
        <ele>533.1</ele>
      </trkpt>
      <trkpt lat="50.80136" lon="14.54036">
        <ele>525.4</ele>
      </trkpt>
      <trkpt lat="50.8025" lon="14.54038">
        <ele>516.0</ele>
      </trkpt>
      <trkpt lat="50.80297" lon="14.5408">
        <ele>514.4</ele>
      </trkpt>
      <trkpt lat="50.80361" lon="14.54095">
        <ele>507.7</ele>
      </trkpt>
      <trkpt lat="50.80507" lon="14.54082">
        <ele>501.8</ele>
      </trkpt>
      <trkpt lat="50.80663" lon="14.54003">
        <ele>494.4</ele>
      </trkpt>
      <trkpt lat="50.80701" lon="14.54001">
        <ele>493.2</ele>
      </trkpt>
      <trkpt lat="50.80761" lon="14.54028">
        <ele>492.1</ele>
      </trkpt>
      <trkpt lat="50.80796" lon="14.5402">
        <ele>489.8</ele>
      </trkpt>
      <trkpt lat="50.80866" lon="14.53902">
        <ele>488.2</ele>
      </trkpt>
      <trkpt lat="50.80988" lon="14.53753">
        <ele>487.5</ele>
      </trkpt>
      <trkpt lat="50.81054" lon="14.53701">
        <ele>486.4</ele>
      </trkpt>
      <trkpt lat="50.81184" lon="14.53678">
        <ele>478.5</ele>
      </trkpt>
      <trkpt lat="50.81223" lon="14.53567">
        <ele>476.1</ele>
      </trkpt>
      <trkpt lat="50.81305" lon="14.53531">
        <ele>468.8</ele>
      </trkpt>
      <trkpt lat="50.81354" lon="14.53474">
        <ele>465.6</ele>
      </trkpt>
      <trkpt lat="50.8145" lon="14.53077">
        <ele>448.8</ele>
      </trkpt>
      <trkpt lat="50.81482" lon="14.53006">
        <ele>445.7</ele>
      </trkpt>
      <trkpt lat="50.81567" lon="14.52937">
        <ele>443.7</ele>
      </trkpt>
      <trkpt lat="50.81585" lon="14.53339">
        <ele>448.2</ele>
      </trkpt>
      <trkpt lat="50.81669" lon="14.53543">
        <ele>451.3</ele>
      </trkpt>
      <trkpt lat="50.81718" lon="14.53477">
        <ele>459.9</ele>
      </trkpt>
      <trkpt lat="50.81784" lon="14.53443">
        <ele>472.8</ele>
      </trkpt>
      <trkpt lat="50.81858" lon="14.53285">
        <ele>492.2</ele>
      </trkpt>
      <trkpt lat="50.81834" lon="14.53155">
        <ele>493.4</ele>
      </trkpt>
      <trkpt lat="50.81901" lon="14.5305">
        <ele>512.0</ele>
      </trkpt>
      <trkpt lat="50.81932" lon="14.52739">
        <ele>519.0</ele>
      </trkpt>
      <trkpt lat="50.81962" lon="14.52619">
        <ele>521.4</ele>
      </trkpt>
      <trkpt lat="50.82157" lon="14.52569">
        <ele>542.5</ele>
      </trkpt>
      <trkpt lat="50.82366" lon="14.52554">
        <ele>538.4</ele>
      </trkpt>
      <trkpt lat="50.82482" lon="14.52599">
        <ele>537.8</ele>
      </trkpt>
      <trkpt lat="50.82818" lon="14.52585">
        <ele>535.8</ele>
      </trkpt>
      <trkpt lat="50.82998" lon="14.52389">
        <ele>517.4</ele>
      </trkpt>
      <trkpt lat="50.83266" lon="14.52467">
        <ele>531.5</ele>
      </trkpt>
      <trkpt lat="50.83442" lon="14.52372">
        <ele>540.1</ele>
      </trkpt>
      <trkpt lat="50.83491" lon="14.52315">
        <ele>542.0</ele>
      </trkpt>
      <trkpt lat="50.83532" lon="14.52213">
        <ele>546.8</ele>
      </trkpt>
      <trkpt lat="50.8363" lon="14.51825">
        <ele>540.3</ele>
      </trkpt>
      <trkpt lat="50.83664" lon="14.5175">
        <ele>533.3</ele>
      </trkpt>
      <trkpt lat="50.83759" lon="14.51656">
        <ele>523.7</ele>
      </trkpt>
      <trkpt lat="50.83922" lon="14.51612">
        <ele>515.0</ele>
      </trkpt>
      <trkpt lat="50.84145" lon="14.51497">
        <ele>488.5</ele>
      </trkpt>
      <trkpt lat="50.84203" lon="14.51487">
        <ele>481.4</ele>
      </trkpt>
      <trkpt lat="50.84265" lon="14.51403">
        <ele>468.1</ele>
      </trkpt>
      <trkpt lat="50.84351" lon="14.51374">
        <ele>455.7</ele>
      </trkpt>
      <trkpt lat="50.84402" lon="14.51303">
        <ele>448.4</ele>
      </trkpt>
      <trkpt lat="50.8447" lon="14.51268">
        <ele>443.3</ele>
      </trkpt>
      <trkpt lat="50.84632" lon="14.51024">
        <ele>432.2</ele>
      </trkpt>
      <trkpt lat="50.84786" lon="14.50854">
        <ele>422.0</ele>
      </trkpt>
      <trkpt lat="50.84861" lon="14.50699">
        <ele>415.7</ele>
      </trkpt>
      <trkpt lat="50.84816" lon="14.5053">
        <ele>422.3</ele>
      </trkpt>
      <trkpt lat="50.84831" lon="14.50473">
        <ele>425.5</ele>
      </trkpt>
      <trkpt lat="50.84867" lon="14.50477">
        <ele>422.3</ele>
      </trkpt>
      <trkpt lat="50.84938" lon="14.50449">
        <ele>418.0</ele>
      </trkpt>
      <trkpt lat="50.85088" lon="14.50283">
        <ele>408.0</ele>
      </trkpt>
      <trkpt lat="50.85293" lon="14.50211">
        <ele>398.5</ele>
      </trkpt>
      <trkpt lat="50.85448" lon="14.50252">
        <ele>392.3</ele>
      </trkpt>
      <trkpt lat="50.85545" lon="14.50235">
        <ele>388.5</ele>
      </trkpt>
      <trkpt lat="50.85697" lon="14.50238">
        <ele>383.1</ele>
      </trkpt>
      <trkpt lat="50.85738" lon="14.50254">
        <ele>380.8</ele>
      </trkpt>
      <trkpt lat="50.85763" lon="14.50301">
        <ele>380.3</ele>
      </trkpt>
      <trkpt lat="50.85795" lon="14.50273">
        <ele>379.2</ele>
      </trkpt>
      <trkpt lat="50.85813" lon="14.50184">
        <ele>377.7</ele>
      </trkpt>
      <trkpt lat="50.85809" lon="14.50051">
        <ele>378.5</ele>
      </trkpt>
      <trkpt lat="50.85748" lon="14.49857">
        <ele>376.0</ele>
      </trkpt>
      <trkpt lat="50.85764" lon="14.49559">
        <ele>376.0</ele>
      </trkpt>
      <trkpt lat="50.85733" lon="14.49231">
        <ele>363.4</ele>
      </trkpt>
      <trkpt lat="50.85767" lon="14.49017">
        <ele>361.9</ele>
      </trkpt>
      <trkpt lat="50.85789" lon="14.48628">
        <ele>360.1</ele>
      </trkpt>
      <trkpt lat="50.85813" lon="14.48556">
        <ele>360.1</ele>
      </trkpt>
      <trkpt lat="50.85981" lon="14.48314">
        <ele>356.2</ele>
      </trkpt>
      <trkpt lat="50.86159" lon="14.48012">
        <ele>355.1</ele>
      </trkpt>
      <trkpt lat="50.86219" lon="14.48099">
        <ele>350.0</ele>
      </trkpt>
      <trkpt lat="50.86259" lon="14.48126">
        <ele>347.8</ele>
      </trkpt>
      <trkpt lat="50.86398" lon="14.47994">
        <ele>344.2</ele>
      </trkpt>
      <trkpt lat="50.86487" lon="14.47823">
        <ele>341.2</ele>
      </trkpt>
      <trkpt lat="50.86588" lon="14.47474">
        <ele>335.8</ele>
      </trkpt>
      <trkpt lat="50.86586" lon="14.47348">
        <ele>335.0</ele>
      </trkpt>
      <trkpt lat="50.86623" lon="14.47128">
        <ele>333.1</ele>
      </trkpt>
      <trkpt lat="50.86624" lon="14.46917">
        <ele>331.9</ele>
      </trkpt>
      <trkpt lat="50.86605" lon="14.46784">
        <ele>333.9</ele>
      </trkpt>
      <trkpt lat="50.86458" lon="14.46323">
        <ele>324.9</ele>
      </trkpt>
      <trkpt lat="50.86472" lon="14.46161">
        <ele>324.0</ele>
      </trkpt>
      <trkpt lat="50.86431" lon="14.45739">
        <ele>322.6</ele>
      </trkpt>
      <trkpt lat="50.86373" lon="14.45462">
        <ele>323.1</ele>
      </trkpt>
      <trkpt lat="50.86388" lon="14.45316">
        <ele>321.0</ele>
      </trkpt>
      <trkpt lat="50.86564" lon="14.45339">
        <ele>330.0</ele>
      </trkpt>
      <trkpt lat="50.86605" lon="14.45456">
        <ele>332.8</ele>
      </trkpt>
      <trkpt lat="50.8665" lon="14.45482">
        <ele>334.0</ele>
      </trkpt>
      <trkpt lat="50.86734" lon="14.45487">
        <ele>333.8</ele>
      </trkpt>
      <trkpt lat="50.86772" lon="14.45466">
        <ele>335.5</ele>
      </trkpt>
      <trkpt lat="50.86903" lon="14.45298">
        <ele>348.5</ele>
      </trkpt>
      <trkpt lat="50.87044" lon="14.45185">
        <ele>359.2</ele>
      </trkpt>
      <trkpt lat="50.87103" lon="14.45005">
        <ele>364.0</ele>
      </trkpt>
      <trkpt lat="50.87206" lon="14.44998">
        <ele>353.4</ele>
      </trkpt>
      <trkpt lat="50.8724" lon="14.44975">
        <ele>349.9</ele>
      </trkpt>
      <trkpt lat="50.87293" lon="14.44724">
        <ele>353.5</ele>
      </trkpt>
      <trkpt lat="50.87346" lon="14.44753">
        <ele>357.3</ele>
      </trkpt>
      <trkpt lat="50.87447" lon="14.44653">
        <ele>357.1</ele>
      </trkpt>
      <trkpt lat="50.87479" lon="14.4459">
        <ele>365.3</ele>
      </trkpt>
      <trkpt lat="50.87486" lon="14.4443">
        <ele>366.0</ele>
      </trkpt>
      <trkpt lat="50.87533" lon="14.44358">
        <ele>365.5</ele>
      </trkpt>
      <trkpt lat="50.8759" lon="14.44332">
        <ele>366.6</ele>
      </trkpt>
      <trkpt lat="50.87623" lon="14.44353">
        <ele>369.2</ele>
      </trkpt>
      <trkpt lat="50.87642" lon="14.44532">
        <ele>374.5</ele>
      </trkpt>
      <trkpt lat="50.87663" lon="14.44563">
        <ele>374.6</ele>
      </trkpt>
      <trkpt lat="50.87852" lon="14.44593">
        <ele>376.4</ele>
      </trkpt>
      <trkpt lat="50.87866" lon="14.44641">
        <ele>377.8</ele>
      </trkpt>
      <trkpt lat="50.87857" lon="14.44753">
        <ele>379.8</ele>
      </trkpt>
      <trkpt lat="50.87901" lon="14.44835">
        <ele>379.2</ele>
      </trkpt>
      <trkpt lat="50.87977" lon="14.44883">
        <ele>382.5</ele>
      </trkpt>
      <trkpt lat="50.88013" lon="14.44973">
        <ele>384.0</ele>
      </trkpt>
      <trkpt lat="50.88089" lon="14.4497">
        <ele>380.1</ele>
      </trkpt>
      <trkpt lat="50.88133" lon="14.44997">
        <ele>376.2</ele>
      </trkpt>
      <trkpt lat="50.88167" lon="14.45102">
        <ele>374.2</ele>
      </trkpt>
      <trkpt lat="50.88291" lon="14.45236">
        <ele>381.0</ele>
      </trkpt>
      <trkpt lat="50.88363" lon="14.45295">
        <ele>382.8</ele>
      </trkpt>
      <trkpt lat="50.88439" lon="14.45311">
        <ele>386.6</ele>
      </trkpt>
      <trkpt lat="50.88563" lon="14.45384">
        <ele>395.8</ele>
      </trkpt>
      <trkpt lat="50.88654" lon="14.45559">
        <ele>386.2</ele>
      </trkpt>
      <trkpt lat="50.88843" lon="14.4555">
        <ele>385.1</ele>
      </trkpt>
      <trkpt lat="50.88925" lon="14.45724">
        <ele>385.9</ele>
      </trkpt>
      <trkpt lat="50.88989" lon="14.45731">
        <ele>387.5</ele>
      </trkpt>
      <trkpt lat="50.89053" lon="14.45769">
        <ele>390.6</ele>
      </trkpt>
      <trkpt lat="50.89019" lon="14.46153">
        <ele>393.3</ele>
      </trkpt>
      <trkpt lat="50.89039" lon="14.46149">
        <ele>393.8</ele>
      </trkpt>
      <trkpt lat="50.89018" lon="14.46147">
        <ele>393.2</ele>
      </trkpt>
      <trkpt lat="50.89053" lon="14.45769">
        <ele>390.6</ele>
      </trkpt>
      <trkpt lat="50.89174" lon="14.4579">
        <ele>393.0</ele>
      </trkpt>
      <trkpt lat="50.89366" lon="14.45531">
        <ele>408.3</ele>
      </trkpt>
      <trkpt lat="50.89518" lon="14.45524">
        <ele>420.3</ele>
      </trkpt>
      <trkpt lat="50.89671" lon="14.45362">
        <ele>421.9</ele>
      </trkpt>
      <trkpt lat="50.89694" lon="14.45359">
        <ele>421.3</ele>
      </trkpt>
      <trkpt lat="50.89787" lon="14.45456">
        <ele>419.6</ele>
      </trkpt>
      <trkpt lat="50.90158" lon="14.46015">
        <ele>400.2</ele>
      </trkpt>
      <trkpt lat="50.90385" lon="14.46007">
        <ele>389.6</ele>
      </trkpt>
      <trkpt lat="50.90609" lon="14.46064">
        <ele>378.3</ele>
      </trkpt>
      <trkpt lat="50.90751" lon="14.46081">
        <ele>373.9</ele>
      </trkpt>
      <trkpt lat="50.90815" lon="14.46186">
        <ele>371.8</ele>
      </trkpt>
      <trkpt lat="50.90865" lon="14.46221">
        <ele>373.5</ele>
      </trkpt>
      <trkpt lat="50.90929" lon="14.46111">
        <ele>374.5</ele>
      </trkpt>
      <trkpt lat="50.9104" lon="14.46056">
        <ele>381.1</ele>
      </trkpt>
      <trkpt lat="50.91101" lon="14.46065">
        <ele>385.4</ele>
      </trkpt>
      <trkpt lat="50.91147" lon="14.46092">
        <ele>389.1</ele>
      </trkpt>
      <trkpt lat="50.91203" lon="14.46177">
        <ele>384.4</ele>
      </trkpt>
      <trkpt lat="50.91327" lon="14.46281">
        <ele>369.0</ele>
      </trkpt>
      <trkpt lat="50.91478" lon="14.46268">
        <ele>369.2</ele>
      </trkpt>
      <trkpt lat="50.91531" lon="14.46299">
        <ele>369.5</ele>
      </trkpt>
      <trkpt lat="50.91589" lon="14.46397">
        <ele>371.9</ele>
      </trkpt>
      <trkpt lat="50.91626" lon="14.46576">
        <ele>378.2</ele>
      </trkpt>
      <trkpt lat="50.91701" lon="14.46626">
        <ele>371.2</ele>
      </trkpt>
      <trkpt lat="50.91827" lon="14.46806">
        <ele>374.1</ele>
      </trkpt>
      <trkpt lat="50.91942" lon="14.46824">
        <ele>381.0</ele>
      </trkpt>
      <trkpt lat="50.92035" lon="14.46802">
        <ele>390.3</ele>
      </trkpt>
      <trkpt lat="50.92084" lon="14.46815">
        <ele>392.9</ele>
      </trkpt>
      <trkpt lat="50.92223" lon="14.46765">
        <ele>405.8</ele>
      </trkpt>
      <trkpt lat="50.92331" lon="14.46754">
        <ele>410.2</ele>
      </trkpt>
      <trkpt lat="50.92558" lon="14.46867">
        <ele>423.8</ele>
      </trkpt>
      <trkpt lat="50.92677" lon="14.47017">
        <ele>419.3</ele>
      </trkpt>
      <trkpt lat="50.92766" lon="14.47084">
        <ele>434.7</ele>
      </trkpt>
      <trkpt lat="50.92857" lon="14.47328">
        <ele>440.0</ele>
      </trkpt>
      <trkpt lat="50.92926" lon="14.47274">
        <ele>446.0</ele>
      </trkpt>
      <trkpt lat="50.92956" lon="14.4721">
        <ele>448.7</ele>
      </trkpt>
      <trkpt lat="50.92947" lon="14.47082">
        <ele>452.5</ele>
      </trkpt>
      <trkpt lat="50.92995" lon="14.46844">
        <ele>457.7</ele>
      </trkpt>
      <trkpt lat="50.93044" lon="14.46767">
        <ele>463.1</ele>
      </trkpt>
      <trkpt lat="50.93085" lon="14.46748">
        <ele>465.2</ele>
      </trkpt>
      <trkpt lat="50.93107" lon="14.46709">
        <ele>467.6</ele>
      </trkpt>
      <trkpt lat="50.93242" lon="14.46265">
        <ele>478.0</ele>
      </trkpt>
      <trkpt lat="50.93489" lon="14.46052">
        <ele>471.2</ele>
      </trkpt>
      <trkpt lat="50.93632" lon="14.45854">
        <ele>461.2</ele>
      </trkpt>
      <trkpt lat="50.93756" lon="14.45634">
        <ele>450.8</ele>
      </trkpt>
      <trkpt lat="50.93843" lon="14.45572">
        <ele>450.9</ele>
      </trkpt>
      <trkpt lat="50.94013" lon="14.45375">
        <ele>439.6</ele>
      </trkpt>
      <trkpt lat="50.94076" lon="14.45237">
        <ele>428.9</ele>
      </trkpt>
      <trkpt lat="50.94091" lon="14.45136">
        <ele>419.7</ele>
      </trkpt>
      <trkpt lat="50.94137" lon="14.4502">
        <ele>412.8</ele>
      </trkpt>
      <trkpt lat="50.94167" lon="14.44983">
        <ele>410.6</ele>
      </trkpt>
      <trkpt lat="50.94215" lon="14.44972">
        <ele>412.1</ele>
      </trkpt>
      <trkpt lat="50.94416" lon="14.44997">
        <ele>419.9</ele>
      </trkpt>
      <trkpt lat="50.94509" lon="14.44985">
        <ele>424.3</ele>
      </trkpt>
      <trkpt lat="50.94657" lon="14.44876">
        <ele>426.3</ele>
      </trkpt>
      <trkpt lat="50.94726" lon="14.44535">
        <ele>419.9</ele>
      </trkpt>
      <trkpt lat="50.94736" lon="14.44296">
        <ele>410.5</ele>
      </trkpt>
      <trkpt lat="50.94782" lon="14.44224">
        <ele>407.6</ele>
      </trkpt>
      <trkpt lat="50.94761" lon="14.44019">
        <ele>403.5</ele>
      </trkpt>
      <trkpt lat="50.94763" lon="14.43779">
        <ele>401.8</ele>
      </trkpt>
      <trkpt lat="50.94739" lon="14.4364">
        <ele>397.6</ele>
      </trkpt>
      <trkpt lat="50.94763" lon="14.43438">
        <ele>396.7</ele>
      </trkpt>
      <trkpt lat="50.94883" lon="14.43235">
        <ele>411.1</ele>
      </trkpt>
      <trkpt lat="50.94929" lon="14.43034">
        <ele>419.9</ele>
      </trkpt>
      <trkpt lat="50.95009" lon="14.42898">
        <ele>432.5</ele>
      </trkpt>
      <trkpt lat="50.95091" lon="14.42836">
        <ele>447.9</ele>
      </trkpt>
      <trkpt lat="50.95166" lon="14.4271">
        <ele>460.9</ele>
      </trkpt>
      <trkpt lat="50.95309" lon="14.42332">
        <ele>484.2</ele>
      </trkpt>
      <trkpt lat="50.95615" lon="14.41923">
        <ele>517.3</ele>
      </trkpt>
      <trkpt lat="50.95658" lon="14.4181">
        <ele>516.3</ele>
      </trkpt>
      <trkpt lat="50.9581" lon="14.41224">
        <ele>504.8</ele>
      </trkpt>
      <trkpt lat="50.95835" lon="14.40857">
        <ele>485.7</ele>
      </trkpt>
      <trkpt lat="50.95886" lon="14.40577">
        <ele>479.7</ele>
      </trkpt>
      <trkpt lat="50.95963" lon="14.39914">
        <ele>468.1</ele>
      </trkpt>
      <trkpt lat="50.96194" lon="14.3914">
        <ele>465.0</ele>
      </trkpt>
      <trkpt lat="50.96216" lon="14.38925">
        <ele>458.7</ele>
      </trkpt>
      <trkpt lat="50.96197" lon="14.38608">
        <ele>450.0</ele>
      </trkpt>
      <trkpt lat="50.96184" lon="14.38521">
        <ele>448.5</ele>
      </trkpt>
      <trkpt lat="50.96142" lon="14.38491">
        <ele>448.5</ele>
      </trkpt>
      <trkpt lat="50.9611" lon="14.38399">
        <ele>449.0</ele>
      </trkpt>
      <trkpt lat="50.96195" lon="14.38131">
        <ele>441.7</ele>
      </trkpt>
      <trkpt lat="50.96193" lon="14.37988">
        <ele>437.8</ele>
      </trkpt>
      <trkpt lat="50.96227" lon="14.37873">
        <ele>436.1</ele>
      </trkpt>
      <trkpt lat="50.96225" lon="14.37419">
        <ele>433.3</ele>
      </trkpt>
      <trkpt lat="50.9624" lon="14.37309">
        <ele>431.6</ele>
      </trkpt>
      <trkpt lat="50.96295" lon="14.37151">
        <ele>428.2</ele>
      </trkpt>
      <trkpt lat="50.96335" lon="14.37092">
        <ele>426.0</ele>
      </trkpt>
      <trkpt lat="50.96418" lon="14.36809">
        <ele>423.0</ele>
      </trkpt>
      <trkpt lat="50.96431" lon="14.36683">
        <ele>423.0</ele>
      </trkpt>
      <trkpt lat="50.96502" lon="14.36549">
        <ele>422.2</ele>
      </trkpt>
      <trkpt lat="50.96533" lon="14.36323">
        <ele>424.8</ele>
      </trkpt>
      <trkpt lat="50.96711" lon="14.35669">
        <ele>417.7</ele>
      </trkpt>
      <trkpt lat="50.96706" lon="14.35569">
        <ele>417.3</ele>
      </trkpt>
      <trkpt lat="50.9667" lon="14.35423">
        <ele>415.1</ele>
      </trkpt>
      <trkpt lat="50.96694" lon="14.35259">
        <ele>414.9</ele>
      </trkpt>
      <trkpt lat="50.9683" lon="14.34941">
        <ele>416.4</ele>
      </trkpt>
      <trkpt lat="50.9686" lon="14.34901">
        <ele>416.1</ele>
      </trkpt>
      <trkpt lat="50.96944" lon="14.34856">
        <ele>413.8</ele>
      </trkpt>
      <trkpt lat="50.97107" lon="14.34664">
        <ele>407.3</ele>
      </trkpt>
      <trkpt lat="50.97311" lon="14.34752">
        <ele>406.0</ele>
      </trkpt>
      <trkpt lat="50.97537" lon="14.34755">
        <ele>400.6</ele>
      </trkpt>
      <trkpt lat="50.97596" lon="14.34812">
        <ele>398.7</ele>
      </trkpt>
      <trkpt lat="50.97652" lon="14.34838">
        <ele>395.9</ele>
      </trkpt>
      <trkpt lat="50.97741" lon="14.34847">
        <ele>394.6</ele>
      </trkpt>
      <trkpt lat="50.97816" lon="14.34808">
        <ele>393.3</ele>
      </trkpt>
      <trkpt lat="50.98186" lon="14.34163">
        <ele>384.1</ele>
      </trkpt>
      <trkpt lat="50.98295" lon="14.34101">
        <ele>382.5</ele>
      </trkpt>
      <trkpt lat="50.9843" lon="14.34072">
        <ele>376.4</ele>
      </trkpt>
      <trkpt lat="50.98644" lon="14.33985">
        <ele>363.3</ele>
      </trkpt>
      <trkpt lat="50.98713" lon="14.33973">
        <ele>359.5</ele>
      </trkpt>
      <trkpt lat="50.98791" lon="14.34001">
        <ele>350.6</ele>
      </trkpt>
      <trkpt lat="50.98823" lon="14.33973">
        <ele>347.1</ele>
      </trkpt>
      <trkpt lat="50.98856" lon="14.33876">
        <ele>345.2</ele>
      </trkpt>
      <trkpt lat="50.98986" lon="14.33798">
        <ele>336.2</ele>
      </trkpt>
      <trkpt lat="50.99109" lon="14.33364">
        <ele>334.3</ele>
      </trkpt>
      <trkpt lat="50.99133" lon="14.33322">
        <ele>335.9</ele>
      </trkpt>
      <trkpt lat="50.99221" lon="14.33252">
        <ele>340.6</ele>
      </trkpt>
      <trkpt lat="50.99246" lon="14.33187">
        <ele>341.0</ele>
      </trkpt>
      <trkpt lat="50.99237" lon="14.33155">
        <ele>341.5</ele>
      </trkpt>
      <trkpt lat="50.99186" lon="14.33124">
        <ele>343.6</ele>
      </trkpt>
      <trkpt lat="50.99174" lon="14.33075">
        <ele>346.0</ele>
      </trkpt>
      <trkpt lat="50.99013" lon="14.32162">
        <ele>363.7</ele>
      </trkpt>
      <trkpt lat="50.98993" lon="14.3153">
        <ele>382.0</ele>
      </trkpt>
      <trkpt lat="50.98955" lon="14.3147">
        <ele>382.5</ele>
      </trkpt>
      <trkpt lat="50.9884" lon="14.31435">
        <ele>384.1</ele>
      </trkpt>
      <trkpt lat="50.988" lon="14.31403">
        <ele>386.2</ele>
      </trkpt>
      <trkpt lat="50.98602" lon="14.30989">
        <ele>376.1</ele>
      </trkpt>
      <trkpt lat="50.98551" lon="14.30637">
        <ele>374.4</ele>
      </trkpt>
      <trkpt lat="50.98476" lon="14.30455">
        <ele>361.8</ele>
      </trkpt>
      <trkpt lat="50.98467" lon="14.30298">
        <ele>359.9</ele>
      </trkpt>
      <trkpt lat="50.98377" lon="14.30015">
        <ele>351.1</ele>
      </trkpt>
      <trkpt lat="50.98171" lon="14.29702">
        <ele>343.5</ele>
      </trkpt>
      <trkpt lat="50.98009" lon="14.29162">
        <ele>323.5</ele>
      </trkpt>
      <trkpt lat="50.97893" lon="14.28957">
        <ele>306.0</ele>
      </trkpt>
      <trkpt lat="50.97886" lon="14.28908">
        <ele>304.0</ele>
      </trkpt>
      <trkpt lat="50.97826" lon="14.28823">
        <ele>304.6</ele>
      </trkpt>
      <trkpt lat="50.97761" lon="14.28783">
        <ele>308.0</ele>
      </trkpt>
      <trkpt lat="50.97584" lon="14.28381">
        <ele>307.6</ele>
      </trkpt>
      <trkpt lat="50.97588" lon="14.28196">
        <ele>299.6</ele>
      </trkpt>
      <trkpt lat="50.97634" lon="14.28183">
        <ele>300.3</ele>
      </trkpt>
      <trkpt lat="50.97701" lon="14.28132">
        <ele>305.0</ele>
      </trkpt>
      <trkpt lat="50.97714" lon="14.28098">
        <ele>305.6</ele>
      </trkpt>
      <trkpt lat="50.97614" lon="14.27688">
        <ele>317.8</ele>
      </trkpt>
      <trkpt lat="50.97805" lon="14.27606">
        <ele>333.4</ele>
      </trkpt>
      <trkpt lat="50.97898" lon="14.27633">
        <ele>335.6</ele>
      </trkpt>
      <trkpt lat="50.98026" lon="14.2761">
        <ele>338.2</ele>
      </trkpt>
      <trkpt lat="50.98158" lon="14.27503">
        <ele>341.0</ele>
      </trkpt>
      <trkpt lat="50.98215" lon="14.27379">
        <ele>344.4</ele>
      </trkpt>
      <trkpt lat="50.98318" lon="14.26981">
        <ele>352.3</ele>
      </trkpt>
      <trkpt lat="50.98374" lon="14.26648">
        <ele>358.4</ele>
      </trkpt>
      <trkpt lat="50.98374" lon="14.26522">
        <ele>355.0</ele>
      </trkpt>
      <trkpt lat="50.98309" lon="14.26162">
        <ele>349.4</ele>
      </trkpt>
      <trkpt lat="50.98254" lon="14.26246">
        <ele>347.2</ele>
      </trkpt>
      <trkpt lat="50.98205" lon="14.26268">
        <ele>353.2</ele>
      </trkpt>
      <trkpt lat="50.97947" lon="14.26166">
        <ele>343.2</ele>
      </trkpt>
      <trkpt lat="50.97741" lon="14.2613">
        <ele>321.5</ele>
      </trkpt>
      <trkpt lat="50.97782" lon="14.25748">
        <ele>335.5</ele>
      </trkpt>
      <trkpt lat="50.97835" lon="14.25464">
        <ele>338.8</ele>
      </trkpt>
      <trkpt lat="50.9784" lon="14.25252">
        <ele>336.0</ele>
      </trkpt>
      <trkpt lat="50.98069" lon="14.24633">
        <ele>356.5</ele>
      </trkpt>
      <trkpt lat="50.98102" lon="14.24331">
        <ele>345.9</ele>
      </trkpt>
      <trkpt lat="50.98119" lon="14.23921">
        <ele>326.2</ele>
      </trkpt>
      <trkpt lat="50.98172" lon="14.23643">
        <ele>311.6</ele>
      </trkpt>
      <trkpt lat="50.98277" lon="14.23475">
        <ele>308.1</ele>
      </trkpt>
      <trkpt lat="50.98261" lon="14.23337">
        <ele>304.7</ele>
      </trkpt>
      <trkpt lat="50.98355" lon="14.22961">
        <ele>311.2</ele>
      </trkpt>
      <trkpt lat="50.98352" lon="14.22707">
        <ele>318.4</ele>
      </trkpt>
      <trkpt lat="50.98304" lon="14.22403">
        <ele>332.5</ele>
      </trkpt>
      <trkpt lat="50.98308" lon="14.22274">
        <ele>334.7</ele>
      </trkpt>
      <trkpt lat="50.98333" lon="14.22182">
        <ele>334.7</ele>
      </trkpt>
      <trkpt lat="50.98315" lon="14.2205">
        <ele>340.7</ele>
      </trkpt>
      <trkpt lat="50.98388" lon="14.2173">
        <ele>360.2</ele>
      </trkpt>
      <trkpt lat="50.98406" lon="14.21375">
        <ele>361.0</ele>
      </trkpt>
      <trkpt lat="50.98429" lon="14.21309">
        <ele>362.0</ele>
      </trkpt>
      <trkpt lat="50.98497" lon="14.21216">
        <ele>369.5</ele>
      </trkpt>
      <trkpt lat="50.9866" lon="14.21097">
        <ele>377.5</ele>
      </trkpt>
      <trkpt lat="50.98724" lon="14.20758">
        <ele>394.4</ele>
      </trkpt>
      <trkpt lat="50.98823" lon="14.20371">
        <ele>402.9</ele>
      </trkpt>
      <trkpt lat="50.98951" lon="14.20044">
        <ele>390.7</ele>
      </trkpt>
      <trkpt lat="50.98974" lon="14.20036">
        <ele>390.9</ele>
      </trkpt>
      <trkpt lat="50.99016" lon="14.20075">
        <ele>392.7</ele>
      </trkpt>
      <trkpt lat="50.99022" lon="14.20048">
        <ele>393.0</ele>
      </trkpt>
      <trkpt lat="50.98977" lon="14.19945">
        <ele>390.3</ele>
      </trkpt>
      <trkpt lat="50.98889" lon="14.19909">
        <ele>383.5</ele>
      </trkpt>
      <trkpt lat="50.98829" lon="14.19853">
        <ele>375.4</ele>
      </trkpt>
      <trkpt lat="50.98686" lon="14.19822">
        <ele>356.4</ele>
      </trkpt>
      <trkpt lat="50.98593" lon="14.19759">
        <ele>349.9</ele>
      </trkpt>
      <trkpt lat="50.9854" lon="14.19633">
        <ele>343.8</ele>
      </trkpt>
      <trkpt lat="50.98511" lon="14.19509">
        <ele>335.0</ele>
      </trkpt>
      <trkpt lat="50.98521" lon="14.19379">
        <ele>333.8</ele>
      </trkpt>
      <trkpt lat="50.98549" lon="14.19295">
        <ele>332.2</ele>
      </trkpt>
      <trkpt lat="50.98537" lon="14.18905">
        <ele>321.6</ele>
      </trkpt>
      <trkpt lat="50.98601" lon="14.18845">
        <ele>323.7</ele>
      </trkpt>
      <trkpt lat="50.98624" lon="14.18796">
        <ele>325.1</ele>
      </trkpt>
      <trkpt lat="50.98634" lon="14.18382">
        <ele>340.2</ele>
      </trkpt>
      <trkpt lat="50.98619" lon="14.1813">
        <ele>343.8</ele>
      </trkpt>
      <trkpt lat="50.98645" lon="14.17934">
        <ele>338.4</ele>
      </trkpt>
      <trkpt lat="50.98718" lon="14.1761">
        <ele>329.9</ele>
      </trkpt>
      <trkpt lat="50.98701" lon="14.17155">
        <ele>311.3</ele>
      </trkpt>
      <trkpt lat="50.98795" lon="14.16974">
        <ele>314.4</ele>
      </trkpt>
      <trkpt lat="50.98828" lon="14.16749">
        <ele>316.5</ele>
      </trkpt>
      <trkpt lat="50.98809" lon="14.16589">
        <ele>320.9</ele>
      </trkpt>
      <trkpt lat="50.98839" lon="14.16349">
        <ele>320.2</ele>
      </trkpt>
      <trkpt lat="50.98843" lon="14.16067">
        <ele>325.6</ele>
      </trkpt>
      <trkpt lat="50.98927" lon="14.15644">
        <ele>327.8</ele>
      </trkpt>
      <trkpt lat="50.98903" lon="14.15499">
        <ele>332.3</ele>
      </trkpt>
      <trkpt lat="50.98926" lon="14.15412">
        <ele>332.9</ele>
      </trkpt>
      <trkpt lat="50.98975" lon="14.15344">
        <ele>332.1</ele>
      </trkpt>
      <trkpt lat="50.99033" lon="14.15155">
        <ele>336.6</ele>
      </trkpt>
      <trkpt lat="50.99078" lon="14.14906">
        <ele>338.4</ele>
      </trkpt>
      <trkpt lat="50.99123" lon="14.14874">
        <ele>340.4</ele>
      </trkpt>
      <trkpt lat="50.99205" lon="14.14567">
        <ele>346.9</ele>
      </trkpt>
      <trkpt lat="50.99295" lon="14.14485">
        <ele>351.4</ele>
      </trkpt>
      <trkpt lat="50.99565" lon="14.14169">
        <ele>361.1</ele>
      </trkpt>
      <trkpt lat="50.99686" lon="14.14135">
        <ele>367.0</ele>
      </trkpt>
      <trkpt lat="50.99791" lon="14.14159">
        <ele>370.0</ele>
      </trkpt>
      <trkpt lat="50.99926" lon="14.14121">
        <ele>374.3</ele>
      </trkpt>
      <trkpt lat="50.99936" lon="14.14136">
        <ele>375.0</ele>
      </trkpt>
      <trkpt lat="51.00034" lon="14.14088">
        <ele>378.3</ele>
      </trkpt>
      <trkpt lat="51.00206" lon="14.14292">
        <ele>384.3</ele>
      </trkpt>
      <trkpt lat="51.00289" lon="14.14226">
        <ele>383.0</ele>
      </trkpt>
      <trkpt lat="51.00392" lon="14.14023">
        <ele>379.5</ele>
      </trkpt>
      <trkpt lat="51.00621" lon="14.1387">
        <ele>366.2</ele>
      </trkpt>
      <trkpt lat="51.01008" lon="14.13991">
        <ele>346.7</ele>
      </trkpt>
      <trkpt lat="51.01135" lon="14.1417">
        <ele>335.7</ele>
      </trkpt>
      <trkpt lat="51.01185" lon="14.14271">
        <ele>331.1</ele>
      </trkpt>
      <trkpt lat="51.01286" lon="14.14268">
        <ele>331.9</ele>
      </trkpt>
      <trkpt lat="51.01319" lon="14.14252">
        <ele>331.9</ele>
      </trkpt>
      <trkpt lat="51.01492" lon="14.13938">
        <ele>321.7</ele>
      </trkpt>
      <trkpt lat="51.01513" lon="14.13841">
        <ele>319.8</ele>
      </trkpt>
      <trkpt lat="51.0151" lon="14.13711">
        <ele>318.0</ele>
      </trkpt>
      <trkpt lat="51.01562" lon="14.13475">
        <ele>318.4</ele>
      </trkpt>
      <trkpt lat="51.01727" lon="14.13054">
        <ele>312.5</ele>
      </trkpt>
      <trkpt lat="51.01728" lon="14.12761">
        <ele>294.9</ele>
      </trkpt>
      <trkpt lat="51.01712" lon="14.12709">
        <ele>291.4</ele>
      </trkpt>
      <trkpt lat="51.01664" lon="14.12662">
        <ele>291.3</ele>
      </trkpt>
      <trkpt lat="51.0166" lon="14.12619">
        <ele>293.0</ele>
      </trkpt>
      <trkpt lat="51.01868" lon="14.12466">
        <ele>313.5</ele>
      </trkpt>
      <trkpt lat="51.01997" lon="14.12457">
        <ele>311.2</ele>
      </trkpt>
      <trkpt lat="51.02019" lon="14.12388">
        <ele>316.6</ele>
      </trkpt>
      <trkpt lat="51.02001" lon="14.12291">
        <ele>323.9</ele>
      </trkpt>
      <trkpt lat="51.01887" lon="14.12199">
        <ele>331.4</ele>
      </trkpt>
      <trkpt lat="51.01886" lon="14.12072">
        <ele>332.0</ele>
      </trkpt>
      <trkpt lat="51.01914" lon="14.11987">
        <ele>331.8</ele>
      </trkpt>
      <trkpt lat="51.02007" lon="14.1185">
        <ele>332.7</ele>
      </trkpt>
      <trkpt lat="51.02121" lon="14.11586">
        <ele>333.6</ele>
      </trkpt>
      <trkpt lat="51.02183" lon="14.11373">
        <ele>334.6</ele>
      </trkpt>
      <trkpt lat="51.02118" lon="14.11302">
        <ele>334.8</ele>
      </trkpt>
      <trkpt lat="51.02053" lon="14.11192">
        <ele>336.1</ele>
      </trkpt>
      <trkpt lat="51.01986" lon="14.11135">
        <ele>338.8</ele>
      </trkpt>
      <trkpt lat="51.01853" lon="14.10807">
        <ele>350.1</ele>
      </trkpt>
      <trkpt lat="51.01821" lon="14.10651">
        <ele>354.7</ele>
      </trkpt>
      <trkpt lat="51.01779" lon="14.10212">
        <ele>335.1</ele>
      </trkpt>
      <trkpt lat="51.01699" lon="14.09883">
        <ele>333.7</ele>
      </trkpt>
      <trkpt lat="51.01712" lon="14.09684">
        <ele>336.1</ele>
      </trkpt>
      <trkpt lat="51.01696" lon="14.09584">
        <ele>338.6</ele>
      </trkpt>
      <trkpt lat="51.01567" lon="14.09417">
        <ele>341.8</ele>
      </trkpt>
      <trkpt lat="51.0136" lon="14.09282">
        <ele>339.3</ele>
      </trkpt>
      <trkpt lat="51.01173" lon="14.09073">
        <ele>334.0</ele>
      </trkpt>
      <trkpt lat="51.0092" lon="14.09002">
        <ele>330.1</ele>
      </trkpt>
      <trkpt lat="51.00785" lon="14.09023">
        <ele>326.4</ele>
      </trkpt>
      <trkpt lat="51.0082" lon="14.08895">
        <ele>326.3</ele>
      </trkpt>
      <trkpt lat="51.00725" lon="14.08695">
        <ele>324.3</ele>
      </trkpt>
      <trkpt lat="51.00701" lon="14.08553">
        <ele>323.4</ele>
      </trkpt>
      <trkpt lat="51.00806" lon="14.07562">
        <ele>312.8</ele>
      </trkpt>
      <trkpt lat="51.00795" lon="14.07109">
        <ele>302.2</ele>
      </trkpt>
      <trkpt lat="51.0129" lon="14.0618">
        <ele>286.6</ele>
      </trkpt>
      <trkpt lat="51.01367" lon="14.06006">
        <ele>284.2</ele>
      </trkpt>
      <trkpt lat="51.01449" lon="14.05745">
        <ele>282.3</ele>
      </trkpt>
      <trkpt lat="51.01571" lon="14.05527">
        <ele>277.4</ele>
      </trkpt>
      <trkpt lat="51.01673" lon="14.05406">
        <ele>276.9</ele>
      </trkpt>
      <trkpt lat="51.01797" lon="14.05162">
        <ele>272.1</ele>
      </trkpt>
      <trkpt lat="51.01819" lon="14.04877">
        <ele>268.7</ele>
      </trkpt>
      <trkpt lat="51.01754" lon="14.04618">
        <ele>270.3</ele>
      </trkpt>
      <trkpt lat="51.0175" lon="14.0426">
        <ele>273.0</ele>
      </trkpt>
      <trkpt lat="51.01881" lon="14.03407">
        <ele>261.8</ele>
      </trkpt>
      <trkpt lat="51.01884" lon="14.03025">
        <ele>258.6</ele>
      </trkpt>
      <trkpt lat="51.01817" lon="14.02883">
        <ele>260.8</ele>
      </trkpt>
      <trkpt lat="51.01572" lon="14.0283">
        <ele>275.4</ele>
      </trkpt>
      <trkpt lat="51.01416" lon="14.02727">
        <ele>282.3</ele>
      </trkpt>
      <trkpt lat="51.01192" lon="14.02729">
        <ele>294.4</ele>
      </trkpt>
      <trkpt lat="51.01024" lon="14.02633">
        <ele>302.1</ele>
      </trkpt>
      <trkpt lat="51.0096" lon="14.02724">
        <ele>304.1</ele>
      </trkpt>
      <trkpt lat="51.00912" lon="14.02738">
        <ele>306.4</ele>
      </trkpt>
      <trkpt lat="51.00804" lon="14.02522">
        <ele>313.1</ele>
      </trkpt>
      <trkpt lat="51.00748" lon="14.02477">
        <ele>310.9</ele>
      </trkpt>
      <trkpt lat="51.00676" lon="14.02479">
        <ele>308.3</ele>
      </trkpt>
      <trkpt lat="51.00612" lon="14.0251">
        <ele>305.2</ele>
      </trkpt>
      <trkpt lat="51.00464" lon="14.02681">
        <ele>302.7</ele>
      </trkpt>
      <trkpt lat="51.00389" lon="14.02711">
        <ele>303.1</ele>
      </trkpt>
      <trkpt lat="51.00358" lon="14.02694">
        <ele>301.1</ele>
      </trkpt>
      <trkpt lat="51.00338" lon="14.02619">
        <ele>297.6</ele>
      </trkpt>
      <trkpt lat="51.00369" lon="14.02489">
        <ele>292.0</ele>
      </trkpt>
      <trkpt lat="51.00319" lon="14.02322">
        <ele>284.0</ele>
      </trkpt>
      <trkpt lat="51.00279" lon="14.0228">
        <ele>280.9</ele>
      </trkpt>
      <trkpt lat="51.00117" lon="14.02232">
        <ele>279.2</ele>
      </trkpt>
      <trkpt lat="51.00051" lon="14.02113">
        <ele>271.3</ele>
      </trkpt>
      <trkpt lat="51.0001" lon="14.01705">
        <ele>256.6</ele>
      </trkpt>
      <trkpt lat="51.00024" lon="14.00997">
        <ele>238.3</ele>
      </trkpt>
      <trkpt lat="51.00011" lon="14.00936">
        <ele>238.6</ele>
      </trkpt>
      <trkpt lat="50.99972" lon="14.00909">
        <ele>238.3</ele>
      </trkpt>
      <trkpt lat="50.99839" lon="14.00939">
        <ele>230.9</ele>
      </trkpt>
      <trkpt lat="50.99787" lon="14.00908">
        <ele>231.1</ele>
      </trkpt>
      <trkpt lat="50.99739" lon="14.00827">
        <ele>230.7</ele>
      </trkpt>
      <trkpt lat="50.99725" lon="14.00686">
        <ele>226.2</ele>
      </trkpt>
      <trkpt lat="50.99553" lon="14.00456">
        <ele>219.7</ele>
      </trkpt>
      <trkpt lat="50.99253" lon="14.00258">
        <ele>209.2</ele>
      </trkpt>
      <trkpt lat="50.99136" lon="14.00105">
        <ele>204.3</ele>
      </trkpt>
      <trkpt lat="50.99096" lon="13.99971">
        <ele>201.9</ele>
      </trkpt>
      <trkpt lat="50.99052" lon="13.99913">
        <ele>202.1</ele>
      </trkpt>
      <trkpt lat="50.98887" lon="13.9985">
        <ele>203.5</ele>
      </trkpt>
      <trkpt lat="50.98908" lon="13.99636">
        <ele>202.5</ele>
      </trkpt>
      <trkpt lat="50.98854" lon="13.99506">
        <ele>203.0</ele>
      </trkpt>
      <trkpt lat="50.98841" lon="13.99256">
        <ele>200.0</ele>
      </trkpt>
      <trkpt lat="50.98802" lon="13.99069">
        <ele>201.1</ele>
      </trkpt>
      <trkpt lat="50.9877" lon="13.99093">
        <ele>200.9</ele>
      </trkpt>
      <trkpt lat="50.98729" lon="13.99043">
        <ele>201.4</ele>
      </trkpt>
      <trkpt lat="50.98502" lon="13.98958">
        <ele>206.0</ele>
      </trkpt>
      <trkpt lat="50.98315" lon="13.98866">
        <ele>211.8</ele>
      </trkpt>
      <trkpt lat="50.98174" lon="13.98894">
        <ele>214.8</ele>
      </trkpt>
      <trkpt lat="50.98041" lon="13.98792">
        <ele>214.2</ele>
      </trkpt>
      <trkpt lat="50.97943" lon="13.98772">
        <ele>211.4</ele>
      </trkpt>
      <trkpt lat="50.97872" lon="13.98701">
        <ele>204.0</ele>
      </trkpt>
      <trkpt lat="50.97759" lon="13.98722">
        <ele>194.7</ele>
      </trkpt>
      <trkpt lat="50.97704" lon="13.98688">
        <ele>198.4</ele>
      </trkpt>
      <trkpt lat="50.97737" lon="13.98571">
        <ele>195.7</ele>
      </trkpt>
      <trkpt lat="50.9775" lon="13.98401">
        <ele>191.6</ele>
      </trkpt>
      <trkpt lat="50.97733" lon="13.98195">
        <ele>185.0</ele>
      </trkpt>
      <trkpt lat="50.97665" lon="13.98002">
        <ele>188.6</ele>
      </trkpt>
      <trkpt lat="50.97707" lon="13.97665">
        <ele>186.8</ele>
      </trkpt>
      <trkpt lat="50.97715" lon="13.97457">
        <ele>183.8</ele>
      </trkpt>
      <trkpt lat="50.97704" lon="13.96706">
        <ele>175.7</ele>
      </trkpt>
      <trkpt lat="50.97649" lon="13.96411">
        <ele>161.9</ele>
      </trkpt>
      <trkpt lat="50.97519" lon="13.96175">
        <ele>155.6</ele>
      </trkpt>
      <trkpt lat="50.97429" lon="13.96056">
        <ele>154.5</ele>
      </trkpt>
      <trkpt lat="50.9749" lon="13.95902">
        <ele>153.9</ele>
      </trkpt>
      <trkpt lat="50.97294" lon="13.95647">
        <ele>156.2</ele>
      </trkpt>
      <trkpt lat="50.97267" lon="13.95553">
        <ele>157.7</ele>
      </trkpt>
      <trkpt lat="50.97216" lon="13.95503">
        <ele>157.1</ele>
      </trkpt>
      <trkpt lat="50.97167" lon="13.95364">
        <ele>152.8</ele>
      </trkpt>
      <trkpt lat="50.97104" lon="13.95266">
        <ele>156.3</ele>
      </trkpt>
      <trkpt lat="50.96991" lon="13.95241">
        <ele>155.8</ele>
      </trkpt>
      <trkpt lat="50.96857" lon="13.9537">
        <ele>151.0</ele>
      </trkpt>
      <trkpt lat="50.96805" lon="13.9538">
        <ele>150.0</ele>
      </trkpt>
      <trkpt lat="50.96751" lon="13.95338">
        <ele>143.5</ele>
      </trkpt>
      <trkpt lat="50.96673" lon="13.9535">
        <ele>138.3</ele>
      </trkpt>
      <trkpt lat="50.96611" lon="13.95331">
        <ele>128.2</ele>
      </trkpt>
      <trkpt lat="50.96572" lon="13.95273">
        <ele>124.0</ele>
      </trkpt>
      <trkpt lat="50.96561" lon="13.95179">
        <ele>123.7</ele>
      </trkpt>
      <trkpt lat="50.96613" lon="13.94648">
        <ele>124.9</ele>
      </trkpt>
      <trkpt lat="50.96673" lon="13.94222">
        <ele>121.0</ele>
      </trkpt>
      <trkpt lat="50.96709" lon="13.94115">
        <ele>126.0</ele>
      </trkpt>
      <trkpt lat="50.96735" lon="13.93516">
        <ele>118.6</ele>
      </trkpt>
      <trkpt lat="50.967" lon="13.93508">
        <ele>117.8</ele>
      </trkpt>
      <trkpt lat="50.96685" lon="13.93477">
        <ele>117.2</ele>
      </trkpt>
      <trkpt lat="50.96625" lon="13.92777">
        <ele>116.5</ele>
      </trkpt>
      <trkpt lat="50.96661" lon="13.92508">
        <ele>118.7</ele>
      </trkpt>
      <trkpt lat="50.96636" lon="13.91803">
        <ele>118.1</ele>
      </trkpt>
      <trkpt lat="50.96829" lon="13.91749">
        <ele>118.9</ele>
      </trkpt>
      <trkpt lat="50.96771" lon="13.91612">
        <ele>116.4</ele>
      </trkpt>
      <trkpt lat="50.96657" lon="13.91611">
        <ele>116.5</ele>
      </trkpt>
      <trkpt lat="50.95682" lon="13.91815">
        <ele>120.5</ele>
      </trkpt>
      <trkpt lat="50.95633" lon="13.91871">
        <ele>120.7</ele>
      </trkpt>
      <trkpt lat="50.95645" lon="13.91901">
        <ele>120.4</ele>
      </trkpt>
      <trkpt lat="50.9569" lon="13.91904">
        <ele>120.2</ele>
      </trkpt>
      <trkpt lat="50.95708" lon="13.91884">
        <ele>120.4</ele>
      </trkpt>
      <trkpt lat="50.95725" lon="13.91907">
        <ele>120.1</ele>
      </trkpt>
      <trkpt lat="50.9583" lon="13.91896">
        <ele>120.0</ele>
      </trkpt>
      <trkpt lat="50.9588" lon="13.91912">
        <ele>119.4</ele>
      </trkpt>
      <trkpt lat="50.95908" lon="13.91752">
        <ele>119.1</ele>
      </trkpt>
      <trkpt lat="50.95929" lon="13.91267">
        <ele>117.8</ele>
      </trkpt>
      <trkpt lat="50.95883" lon="13.90536">
        <ele>117.8</ele>
      </trkpt>
      <trkpt lat="50.95906" lon="13.90496">
        <ele>117.9</ele>
      </trkpt>
      <trkpt lat="50.95976" lon="13.90444">
        <ele>118.2</ele>
      </trkpt>
      <trkpt lat="50.96043" lon="13.90438">
        <ele>114.2</ele>
      </trkpt>
      <trkpt lat="50.9609" lon="13.89888">
        <ele>114.6</ele>
      </trkpt>
      <trkpt lat="50.96232" lon="13.89368">
        <ele>112.8</ele>
      </trkpt>
      <trkpt lat="50.9637" lon="13.89058">
        <ele>115.1</ele>
      </trkpt>
      <trkpt lat="50.96622" lon="13.88635">
        <ele>113.6</ele>
      </trkpt>
      <trkpt lat="50.96671" lon="13.88427">
        <ele>116.9</ele>
      </trkpt>
      <trkpt lat="50.9682" lon="13.88195">
        <ele>116.3</ele>
      </trkpt>
      <trkpt lat="50.96881" lon="13.88034">
        <ele>118.3</ele>
      </trkpt>
      <trkpt lat="50.97049" lon="13.87938">
        <ele>118.2</ele>
      </trkpt>
      <trkpt lat="50.97088" lon="13.87898">
        <ele>117.7</ele>
      </trkpt>
      <trkpt lat="50.97297" lon="13.87368">
        <ele>118.0</ele>
      </trkpt>
      <trkpt lat="50.97353" lon="13.87272">
        <ele>118.1</ele>
      </trkpt>
      <trkpt lat="50.97284" lon="13.87179">
        <ele>119.1</ele>
      </trkpt>
      <trkpt lat="50.97288" lon="13.87101">
        <ele>119.4</ele>
      </trkpt>
      <trkpt lat="50.97161" lon="13.8666">
        <ele>121.2</ele>
      </trkpt>
      <trkpt lat="50.9711" lon="13.86604">
        <ele>123.1</ele>
      </trkpt>
      <trkpt lat="50.972" lon="13.86335">
        <ele>121.6</ele>
      </trkpt>
      <trkpt lat="50.97337" lon="13.86131">
        <ele>123.5</ele>
      </trkpt>
      <trkpt lat="50.97151" lon="13.85834">
        <ele>125.0</ele>
      </trkpt>
      <trkpt lat="50.97103" lon="13.85833">
        <ele>125.0</ele>
      </trkpt>
      <trkpt lat="50.97043" lon="13.85916">
        <ele>125.5</ele>
      </trkpt>
    </trkseg>
  </trk>
</gpx>
